doc_id,perfil_objetivo,sector_grupo,titulo,url,cnae,beneficiarios,nivel1,ambito,importe,deadline,abierto,prediccion_tool,relevante,notas
1126333,negocio,comercio,"Resolución de Alcaldía núm. 1496, de 10 de agosto de 2026, por la que se aprueba la convocatoria de ayudas municipales a la promoción económica en el municipio de Alginet.",https://alginet.sede.dival.es/,ACTIVIDADES SANITARIAS Y DE SERVICIOS SOCIALES | COMERCIO AL POR MAYOR Y AL POR MENOR | HOSTELERÍA,PYME Y PERSONAS FÍSICAS QUE DESARROLLAN ACTIVIDAD ECONÓMICA,,ES523 - Valencia / València,20000.0,2026-09-30,False,sí,,
1126064,negocio,comercio,BASES REGULADORAS Y CONVOCATORIA DEL PROGRAMA “BO COMERÇ D’ALMUSSAFES 2026” PARA LA RECUPERACIÓN DEL SECTOR COMERCIAL Y SERVICIOS DE ALMUSSAFES,,COMERCIO AL POR MAYOR Y AL POR MENOR | OTROS SERVICIOS,PERSONAS FÍSICAS QUE NO DESARROLLAN ACTIVIDAD ECONÓMICA,,ES523 - Valencia / València,35000.0,2026-09-07,False,no,,
1125632,negocio,comercio,"BASES REGULADORAS Y CONVOCATORIA DE LA CAMPAÑA DE FOMENTO DEL CONSUMO EN EL COMERCIO LOCAL DE XALÓ, MEDIANTE
LA EMISIÓN DE BONOS DE COMERCIO, anualidad 2026",https://xalo.sedelectronica.es/info.0,"ACTIVIDADES DE EDICIÓN, RADIODIFUSIÓN Y PRODUCCIÓN Y DISTRIBUCIÓN DE CONTENIDOS | COMERCIO AL POR MAYOR Y AL POR MENOR | HOSTELERÍA | OTROS SERVICIOS | TRANSPORTE Y ALMACENAMIENTO",PYME Y PERSONAS FÍSICAS QUE DESARROLLAN ACTIVIDAD ECONÓMICA,,ES521 - Alicante / Alacant,81474.0,,False,sí,,
1125567,negocio,comercio,Convocatoria de subvenciones destinadas a la campaña de promoción de bonos comercio del ejercicio 2026,,COMERCIO AL POR MAYOR Y AL POR MENOR,PERSONAS FÍSICAS QUE NO DESARROLLAN ACTIVIDAD ECONÓMICA | PYME Y PERSONAS FÍSICAS QUE DESARROLLAN ACTIVIDAD ECONÓMICA,,ES523 - Valencia / València,40000.0,2026-10-31,False,sí,,
1125447,negocio,comercio,Anuncio del Ayuntamiento de Museros sobre convocatoria de premios al uso del valenciano en el comercio local de Museros 2026.,https://museros.sedelectronica.es/info.0 (sede electrónica Ayuntamiento Museros),COMERCIO AL POR MAYOR Y AL POR MENOR,PYME Y PERSONAS FÍSICAS QUE DESARROLLAN ACTIVIDAD ECONÓMICA,,ES523 - Valencia / València,2000.0,2026-09-21,False,sí,,
1129515,negocio,comercio,CONCURSO DE ESCAPARATISMO Y AMBIENTACIÓN COMERCIAL CON MOTIVO DE LA XXV EDICIÓN DEL PRIMER CORTE DE LA MIEL EN EL MUNICIPIO DE AYORA,,COMERCIO AL POR MAYOR Y AL POR MENOR,PYME Y PERSONAS FÍSICAS QUE DESARROLLAN ACTIVIDAD ECONÓMICA,LOCAL,ES523 - Valencia / València,1000.0,2026-09-14,False,sí,,
1129376,negocio,comercio,"EXP. 5295/2026.- OCTAVA CONVOCATORIA PARA LA CONCESIÓN DE SUBVENCIONES DENOMINADAS ""BONOS CONSUMO COMERCIO LOCAL DE ALMORADÍ (ALMORADÍ VALE X 2)”, EN RÉGIMEN DE CONCURRENCIA COMPETITIVA, ANUALIDAD 2026.",www.almoradi.es,"Actividades de agencias de viajes y operadores turísticos | Actividades deportivas | Comercio al por menor de artículos culturales y recreativos | Comercio al por menor de equipos para las tecnologías de la información y las comunicaciones | Comercio al por menor de otros artículos de uso doméstico | Comercio al por menor de productos alimenticios, bebidas y tabaco | Comercio al por menor de vehículos de motor, motocicletas y sus repuestos y accesorios | Comercio al por menor no especializado | Otras actividades recreativas y de entretenimiento | Otros servicios de reservas y actividades relacionadas con los mismos | Restaurantes y puestos de comidas | Servicios de bebidas | Servicios de catering y otros servicios de comidas | Servicios personales",PERSONAS FÍSICAS QUE NO DESARROLLAN ACTIVIDAD ECONÓMICA,LOCAL,ES521 - Alicante / Alacant,331076.0,2026-09-08,False,no,,
1129022,negocio,comercio,"PROGRAMA DE AYUDAS ""BONO-CONSUMO 2026 CAMPAÑA OTOÑO"" DE FORMENTERA DEL SEGURA",https://formenteradelsegura.sedelectronica.es,Comercio al por menor | Servicios de comidas y bebidas,PERSONAS FÍSICAS QUE NO DESARROLLAN ACTIVIDAD ECONÓMICA,LOCAL,ES521 - Alicante / Alacant,110340.0,2026-10-05,False,no,,
1129012,negocio,comercio,"Subvenciones dentro de la campaña de fomento del consumo en el comercio local de Els Poblets. Anualidad 2026. ""Compra en Els Poblets anualidad 2026""",https://elspoblets.sedelectronica.es/info.0,COMERCIO AL POR MAYOR Y AL POR MENOR,PERSONAS FÍSICAS QUE NO DESARROLLAN ACTIVIDAD ECONÓMICA,LOCAL,ES521 - Alicante / Alacant,75796.0,,False,no,,
1128857,negocio,comercio,CONVOCATORIA BONS DE COMERÇ TURÍS 2026 - CMPROM para la activación del consumo en el comercio local,https://turis.sedelectronica.es/board,COMERCIO AL POR MAYOR Y AL POR MENOR,PERSONAS FÍSICAS QUE NO DESARROLLAN ACTIVIDAD ECONÓMICA,LOCAL,ES523 - Valencia / València,50000.0,2026-09-25,False,no,,
1128663,negocio,comercio,BASES REGULADORAS DE LA CONVOCATORIA PARA EL OTORGAMIENTO DE SUBVENCIONES PARA LA DIGITALIZACIÓN DE LAS ACTIVIDADES ECONOMICAS DESARROLLADAS EN ALCALÀ DE XIVERT POR AUTONOMOS O MICROEMPRESAS,,Comercio al por menor,PYME Y PERSONAS FÍSICAS QUE DESARROLLAN ACTIVIDAD ECONÓMICA,LOCAL,ES522 - Castellón / Castelló,10000.0,2026-09-30,False,sí,,
1128467,negocio,comercio,"CONVOCATORIA PARA LAS AYUDAS CON DESTINO A MINIMIZAR EL IMPACTO ECONÓMICO POR LA CRISIS ENERGÉTICA PARA PYMES, MICROPYMES, AUTÓNOMOS Y PROFESIONALES CON DOMICILIO FISCAL EN CALP, ANUALIDAD 2026",https://calp.sedelectronica.es/info.0,"COMERCIO AL POR MAYOR Y AL POR MENOR | SUMINISTRO DE ENERGIA ELECTRICA, GAS, VAPOR Y AIRE ACONDICIONADO",PYME Y PERSONAS FÍSICAS QUE DESARROLLAN ACTIVIDAD ECONÓMICA,LOCAL,ES521 - Alicante / Alacant,300000.0,2026-09-07,False,sí,,
1128435,negocio,comercio,AYUDAS A LA CONFECCIÓN DE CATÁLOGOS IMPRESOS I CATÁLOGOS ELECTRÓNICOS DE PRODUCTOS Y OTRAS HERRAMIENTAS DE COMERCIALIZACIÓN Y MARKETING - CONVOCATORIA 2026,https://ontinyent.sedipualba.es/,"ACTIVIDADES DE EDICIÓN, RADIODIFUSIÓN Y PRODUCCIÓN Y DISTRIBUCIÓN DE CONTENIDOS | COMERCIO AL POR MAYOR Y AL POR MENOR | HOSTELERÍA | INDUSTRIA MANUFACTURERA | OTROS SERVICIOS",PYME Y PERSONAS FÍSICAS QUE DESARROLLAN ACTIVIDAD ECONÓMICA,LOCAL,ES523 - Valencia / València,40000.0,2026-10-08,False,sí,,
1128427,negocio,comercio,AYUDAS A LA PARTICIPACIÓN EN FERIAS Y MISIONES COMERCIALES . CONVOCATORIA 2026,https://ontinyent.sedipualba.es/,"ACTIVIDADES DE EDICIÓN, RADIODIFUSIÓN Y PRODUCCIÓN Y DISTRIBUCIÓN DE CONTENIDOS | COMERCIO AL POR MAYOR Y AL POR MENOR | HOSTELERÍA | INDUSTRIA MANUFACTURERA",PYME Y PERSONAS FÍSICAS QUE DESARROLLAN ACTIVIDAD ECONÓMICA,LOCAL,ES523 - Valencia / València,40000.0,2026-10-08,False,sí,,
1128397,negocio,comercio,NUEVA CONVOCATORIA DE SUBVENCIONES PARA LA REALIZACIÓN DE CAMPAÑAS DE PROMOCIÓN Y ANIMACIÓN COMERCIAL DE LA CONCEJALÍA DE COMERCIO DEL EXCMO.AYUNTAMIENTO DE ORIHUELA - AÑO 2026.,,"ACTIVIDADES DE EDICIÓN, RADIODIFUSIÓN Y PRODUCCIÓN Y DISTRIBUCIÓN DE CONTENIDOS | COMERCIO AL POR MAYOR Y AL POR MENOR | OTROS SERVICIOS",PERSONAS JURÍDICAS QUE NO DESARROLLAN ACTIVIDAD ECONÓMICA,LOCAL,ES521 - Alicante / Alacant,50000.0,2026-09-07,False,no,,
1128361,negocio,comercio,Campaña Bono Consumo - Bono Consumo Sella- Anualidad 2026,,"ACTIVIDADES DE EDICIÓN, RADIODIFUSIÓN Y PRODUCCIÓN Y DISTRIBUCIÓN DE CONTENIDOS | COMERCIO AL POR MAYOR Y AL POR MENOR | OTROS SERVICIOS",PERSONAS FÍSICAS QUE NO DESARROLLAN ACTIVIDAD ECONÓMICA,LOCAL,ES521 - Alicante / Alacant,31886.0,2026-11-30,False,no,,
1128310,negocio,comercio,Bases Programa Tarjeta Bono Consumo Pedreguer 2026,,"ACTIVIDADES DE EDICIÓN, RADIODIFUSIÓN Y PRODUCCIÓN Y DISTRIBUCIÓN DE CONTENIDOS | COMERCIO AL POR MAYOR Y AL POR MENOR | HOSTELERÍA | OTROS SERVICIOS | TRANSPORTE Y ALMACENAMIENTO",PYME Y PERSONAS FÍSICAS QUE DESARROLLAN ACTIVIDAD ECONÓMICA,LOCAL,ES521 - Alicante / Alacant,167610.0,2026-09-10,False,sí,,
1128307,negocio,comercio,"Bases reguladoras y convocatoria de la Campaña ""Bono-Consumo El Castell de Guadalest 2026""",,"ACTIVIDADES ARTÍSTICAS, DEPORTIVAS Y DE ENTRETENIMIENTO | Comercio al por menor | HOSTELERÍA",PYME Y PERSONAS FÍSICAS QUE DESARROLLAN ACTIVIDAD ECONÓMICA,LOCAL,ES521 - Alicante / Alacant,18082.0,2026-09-11,False,sí,,
1127688,negocio,comercio,BASES REGULADORAS Y CONVOCATORIA PARA LA CAMPAÑA BONO CONSUMO SAN FULGENCIO 2026,https://sanfulgencio.sedelectronica.es,"ACTIVIDADES ARTÍSTICAS, DEPORTIVAS Y DE ENTRETENIMIENTO | ACTIVIDADES PROFESIONALES, CIENTÍFICAS Y TÉCNICAS | ACTIVIDADES SANITARIAS Y DE SERVICIOS SOCIALES | AGRICULTURA, GANADERÍA, SILVICULTURA Y PESCA | COMERCIO AL POR MAYOR Y AL POR MENOR | HOSTELERÍA | OTROS SERVICIOS | TELECOMUNICACIONES, PROGRAMACIÓN INFORMÁTICA, CONSULTORÍA, INFRAESTRUCTURA INFORMÁTICA Y OTROS SERVICIOS DE INFORMACIÓN",PERSONAS FÍSICAS QUE NO DESARROLLAN ACTIVIDAD ECONÓMICA | PYME Y PERSONAS FÍSICAS QUE DESARROLLAN ACTIVIDAD ECONÓMICA,LOCAL,ES521 - Alicante / Alacant,180783.0,2026-11-05,False,sí,,
1127450,negocio,comercio,"BASES REGULADORAS Y CONVOCATORIA DE LA CAMPAÑA DE FOMENTO DEL CONSUMO EN EL COMERCIO LOCAL DE PARCENT,
MEDIANTE LA EMISIÓN DE BONOS DE COMERCIO, anualidad 2026",https://parcent.sedipualba.es/,"ACTIVIDADES DE EDICIÓN, RADIODIFUSIÓN Y PRODUCCIÓN Y DISTRIBUCIÓN DE CONTENIDOS | COMERCIO AL POR MAYOR Y AL POR MENOR | HOSTELERÍA | OTROS SERVICIOS",PYME Y PERSONAS FÍSICAS QUE DESARROLLAN ACTIVIDAD ECONÓMICA,LOCAL,ES521 - Alicante / Alacant,39545.0,2026-10-16,False,sí,,
1126892,negocio,comercio,ANUNCIO APROBACIÓN CONVOCATORIA PEMIOS USO DEL VALENCIANO EN EL COMERCIO LOCAL 2026,,COMERCIO AL POR MAYOR Y AL POR MENOR,PYME Y PERSONAS FÍSICAS QUE DESARROLLAN ACTIVIDAD ECONÓMICA,LOCAL,ES523 - Valencia / València,5650.0,2026-09-30,False,sí,,
1126872,negocio,comercio,CONVOCATORIA BONO-CONSUMO ANUALIDAD 2026,,Comercio al por menor | Reparación y mantenimiento de vehículos de motor y motocicletas | Servicios de comidas y bebidas,PERSONAS FÍSICAS QUE NO DESARROLLAN ACTIVIDAD ECONÓMICA,LOCAL,ES521 - Alicante / Alacant,182930.0,2026-12-13,False,no,,
1126712,negocio,comercio,Convocatoria de BONOS COMERCIO 2026 para la activación del consumo en el comercio local.,,COMERCIO AL POR MAYOR Y AL POR MENOR | OTROS SERVICIOS,PERSONAS FÍSICAS QUE NO DESARROLLAN ACTIVIDAD ECONÓMICA,LOCAL,ES523 - Valencia / València,150000.0,2026-10-18,False,no,,
1126673,negocio,comercio,Acuerdo de la Junta de Gobierno Local de fecha 4 de agosto de 2026 por el que se aprueban las Bases Reguladoras de las Ayudas Municipales a Empresas por Contratación de Desempleados. Anualidad 2026.,https://aspe.es/sede-electronica/,"Agricultura, ganadería, caza y servicios relacionados con las mismas | COMERCIO AL POR MAYOR Y AL POR MENOR | CONSTRUCCIÓN | HOSTELERÍA | INDUSTRIA MANUFACTURERA",GRAN EMPRESA | PYME Y PERSONAS FÍSICAS QUE DESARROLLAN ACTIVIDAD ECONÓMICA,LOCAL,ES521 - Alicante / Alacant,15000.0,2026-09-30,False,sí,,
1126664,negocio,comercio,BONO CONSUMO SANET Y NEGRALS 2026,https://sanetynegrals.sedelectronica.es/info.4,COMERCIO AL POR MAYOR Y AL POR MENOR | HOSTELERÍA | OTROS SERVICIOS,PYME Y PERSONAS FÍSICAS QUE DESARROLLAN ACTIVIDAD ECONÓMICA,LOCAL,ES521 - Alicante / Alacant,33562.0,2026-10-31,False,sí,,
1126657,negocio,comercio,"Acuerdo de la Junta de Gobierno Local de 28 de julio de 2026, por el que se aprueba las Bases Reguladoras de las Subvenciones de Fomento de Empleo dirigido a Emprendedores. Anualidad 2026.",https://aspe.es/sede-electronica/,"ACTIVIDADES FINANCIERAS Y DE SEGUROS | ACTIVIDADES INMOBILIARIAS | ACTIVIDADES PROFESIONALES, CIENTÍFICAS Y TÉCNICAS | Agricultura, ganadería, caza y servicios relacionados con las mismas | COMERCIO AL POR MAYOR Y AL POR MENOR | CONSTRUCCIÓN | HOSTELERÍA | INDUSTRIA MANUFACTURERA",PYME Y PERSONAS FÍSICAS QUE DESARROLLAN ACTIVIDAD ECONÓMICA,LOCAL,ES521 - Alicante / Alacant,55000.0,2026-09-30,False,sí,,
1126383,negocio,hosteleria,Subvenciones en régimen de concurrencia para asociaciones de restauradores destinadas a actuaciones de fomento del turismo gastronómico 2026,,HOSTELERÍA,PERSONAS JURÍDICAS QUE NO DESARROLLAN ACTIVIDAD ECONÓMICA,,ES522 - Castellón / Castelló,15000.0,2026-08-28,False,no,,
1126333,negocio,hosteleria,"Resolución de Alcaldía núm. 1496, de 10 de agosto de 2026, por la que se aprueba la convocatoria de ayudas municipales a la promoción económica en el municipio de Alginet.",https://alginet.sede.dival.es/,ACTIVIDADES SANITARIAS Y DE SERVICIOS SOCIALES | COMERCIO AL POR MAYOR Y AL POR MENOR | HOSTELERÍA,PYME Y PERSONAS FÍSICAS QUE DESARROLLAN ACTIVIDAD ECONÓMICA,,ES523 - Valencia / València,20000.0,2026-09-30,False,sí,,
1125632,negocio,hosteleria,"BASES REGULADORAS Y CONVOCATORIA DE LA CAMPAÑA DE FOMENTO DEL CONSUMO EN EL COMERCIO LOCAL DE XALÓ, MEDIANTE
LA EMISIÓN DE BONOS DE COMERCIO, anualidad 2026",https://xalo.sedelectronica.es/info.0,"ACTIVIDADES DE EDICIÓN, RADIODIFUSIÓN Y PRODUCCIÓN Y DISTRIBUCIÓN DE CONTENIDOS | COMERCIO AL POR MAYOR Y AL POR MENOR | HOSTELERÍA | OTROS SERVICIOS | TRANSPORTE Y ALMACENAMIENTO",PYME Y PERSONAS FÍSICAS QUE DESARROLLAN ACTIVIDAD ECONÓMICA,,ES521 - Alicante / Alacant,81474.0,,False,sí,,
1128435,negocio,hosteleria,AYUDAS A LA CONFECCIÓN DE CATÁLOGOS IMPRESOS I CATÁLOGOS ELECTRÓNICOS DE PRODUCTOS Y OTRAS HERRAMIENTAS DE COMERCIALIZACIÓN Y MARKETING - CONVOCATORIA 2026,https://ontinyent.sedipualba.es/,"ACTIVIDADES DE EDICIÓN, RADIODIFUSIÓN Y PRODUCCIÓN Y DISTRIBUCIÓN DE CONTENIDOS | COMERCIO AL POR MAYOR Y AL POR MENOR | HOSTELERÍA | INDUSTRIA MANUFACTURERA | OTROS SERVICIOS",PYME Y PERSONAS FÍSICAS QUE DESARROLLAN ACTIVIDAD ECONÓMICA,LOCAL,ES523 - Valencia / València,40000.0,2026-10-08,False,sí,,
1128427,negocio,hosteleria,AYUDAS A LA PARTICIPACIÓN EN FERIAS Y MISIONES COMERCIALES . CONVOCATORIA 2026,https://ontinyent.sedipualba.es/,"ACTIVIDADES DE EDICIÓN, RADIODIFUSIÓN Y PRODUCCIÓN Y DISTRIBUCIÓN DE CONTENIDOS | COMERCIO AL POR MAYOR Y AL POR MENOR | HOSTELERÍA | INDUSTRIA MANUFACTURERA",PYME Y PERSONAS FÍSICAS QUE DESARROLLAN ACTIVIDAD ECONÓMICA,LOCAL,ES523 - Valencia / València,40000.0,2026-10-08,False,sí,,
1128310,negocio,hosteleria,Bases Programa Tarjeta Bono Consumo Pedreguer 2026,,"ACTIVIDADES DE EDICIÓN, RADIODIFUSIÓN Y PRODUCCIÓN Y DISTRIBUCIÓN DE CONTENIDOS | COMERCIO AL POR MAYOR Y AL POR MENOR | HOSTELERÍA | OTROS SERVICIOS | TRANSPORTE Y ALMACENAMIENTO",PYME Y PERSONAS FÍSICAS QUE DESARROLLAN ACTIVIDAD ECONÓMICA,LOCAL,ES521 - Alicante / Alacant,167610.0,2026-09-10,False,sí,,
1128307,negocio,hosteleria,"Bases reguladoras y convocatoria de la Campaña ""Bono-Consumo El Castell de Guadalest 2026""",,"ACTIVIDADES ARTÍSTICAS, DEPORTIVAS Y DE ENTRETENIMIENTO | Comercio al por menor | HOSTELERÍA",PYME Y PERSONAS FÍSICAS QUE DESARROLLAN ACTIVIDAD ECONÓMICA,LOCAL,ES521 - Alicante / Alacant,18082.0,2026-09-11,False,sí,,
1127688,negocio,hosteleria,BASES REGULADORAS Y CONVOCATORIA PARA LA CAMPAÑA BONO CONSUMO SAN FULGENCIO 2026,https://sanfulgencio.sedelectronica.es,"ACTIVIDADES ARTÍSTICAS, DEPORTIVAS Y DE ENTRETENIMIENTO | ACTIVIDADES PROFESIONALES, CIENTÍFICAS Y TÉCNICAS | ACTIVIDADES SANITARIAS Y DE SERVICIOS SOCIALES | AGRICULTURA, GANADERÍA, SILVICULTURA Y PESCA | COMERCIO AL POR MAYOR Y AL POR MENOR | HOSTELERÍA | OTROS SERVICIOS | TELECOMUNICACIONES, PROGRAMACIÓN INFORMÁTICA, CONSULTORÍA, INFRAESTRUCTURA INFORMÁTICA Y OTROS SERVICIOS DE INFORMACIÓN",PERSONAS FÍSICAS QUE NO DESARROLLAN ACTIVIDAD ECONÓMICA | PYME Y PERSONAS FÍSICAS QUE DESARROLLAN ACTIVIDAD ECONÓMICA,LOCAL,ES521 - Alicante / Alacant,180783.0,2026-11-05,False,sí,,
1127450,negocio,hosteleria,"BASES REGULADORAS Y CONVOCATORIA DE LA CAMPAÑA DE FOMENTO DEL CONSUMO EN EL COMERCIO LOCAL DE PARCENT,
MEDIANTE LA EMISIÓN DE BONOS DE COMERCIO, anualidad 2026",https://parcent.sedipualba.es/,"ACTIVIDADES DE EDICIÓN, RADIODIFUSIÓN Y PRODUCCIÓN Y DISTRIBUCIÓN DE CONTENIDOS | COMERCIO AL POR MAYOR Y AL POR MENOR | HOSTELERÍA | OTROS SERVICIOS",PYME Y PERSONAS FÍSICAS QUE DESARROLLAN ACTIVIDAD ECONÓMICA,LOCAL,ES521 - Alicante / Alacant,39545.0,2026-10-16,False,sí,,
1126673,negocio,hosteleria,Acuerdo de la Junta de Gobierno Local de fecha 4 de agosto de 2026 por el que se aprueban las Bases Reguladoras de las Ayudas Municipales a Empresas por Contratación de Desempleados. Anualidad 2026.,https://aspe.es/sede-electronica/,"Agricultura, ganadería, caza y servicios relacionados con las mismas | COMERCIO AL POR MAYOR Y AL POR MENOR | CONSTRUCCIÓN | HOSTELERÍA | INDUSTRIA MANUFACTURERA",GRAN EMPRESA | PYME Y PERSONAS FÍSICAS QUE DESARROLLAN ACTIVIDAD ECONÓMICA,LOCAL,ES521 - Alicante / Alacant,15000.0,2026-09-30,False,sí,,
1126664,negocio,hosteleria,BONO CONSUMO SANET Y NEGRALS 2026,https://sanetynegrals.sedelectronica.es/info.4,COMERCIO AL POR MAYOR Y AL POR MENOR | HOSTELERÍA | OTROS SERVICIOS,PYME Y PERSONAS FÍSICAS QUE DESARROLLAN ACTIVIDAD ECONÓMICA,LOCAL,ES521 - Alicante / Alacant,33562.0,2026-10-31,False,sí,,
1126657,negocio,hosteleria,"Acuerdo de la Junta de Gobierno Local de 28 de julio de 2026, por el que se aprueba las Bases Reguladoras de las Subvenciones de Fomento de Empleo dirigido a Emprendedores. Anualidad 2026.",https://aspe.es/sede-electronica/,"ACTIVIDADES FINANCIERAS Y DE SEGUROS | ACTIVIDADES INMOBILIARIAS | ACTIVIDADES PROFESIONALES, CIENTÍFICAS Y TÉCNICAS | Agricultura, ganadería, caza y servicios relacionados con las mismas | COMERCIO AL POR MAYOR Y AL POR MENOR | CONSTRUCCIÓN | HOSTELERÍA | INDUSTRIA MANUFACTURERA",PYME Y PERSONAS FÍSICAS QUE DESARROLLAN ACTIVIDAD ECONÓMICA,LOCAL,ES521 - Alicante / Alacant,55000.0,2026-09-30,False,sí,,
1126530,particular,sanitario_social,Ayudas municipales para población altamente vulnerable y en extrema situación de exclusión social de Aldaia,,ACTIVIDADES SANITARIAS Y DE SERVICIOS SOCIALES,PERSONAS FÍSICAS QUE NO DESARROLLAN ACTIVIDAD ECONÓMICA | PYME Y PERSONAS FÍSICAS QUE DESARROLLAN ACTIVIDAD ECONÓMICA,,ES523 - Valencia / València,48668.5,2026-11-15,False,sí,,
1126417,particular,sanitario_social,"CONVENIO DE ACUERDO DE LA JGL DEL 02/07/2026 CONCESIÓN DE SUBVENCIÓN NOMINATIVA CON LA ASOCIACIÓN SALUT MENTAL CASTELLÓ(AFDEM) PARA LA EJECUCIÓN DEL PROYECTO “ATENCIÓN SOCIAL A PERSONAS CON ENFERMEDAD MENTAL."" AÑO 2026",,ACTIVIDADES SANITARIAS Y DE SERVICIOS SOCIALES,PERSONAS JURÍDICAS QUE NO DESARROLLAN ACTIVIDAD ECONÓMICA,,ES522 - Castellón / Castelló,16500.0,2026-12-31,False,sí,,
1126335,particular,sanitario_social,Ayudas municipales para población altamente vulnerable y en extrema situación de exclusión social de Aldaia,,ACTIVIDADES SANITARIAS Y DE SERVICIOS SOCIALES,PERSONAS FÍSICAS QUE NO DESARROLLAN ACTIVIDAD ECONÓMICA,,ES523 - Valencia / València,48669.5,2026-11-15,False,sí,,
1126333,particular,sanitario_social,"Resolución de Alcaldía núm. 1496, de 10 de agosto de 2026, por la que se aprueba la convocatoria de ayudas municipales a la promoción económica en el municipio de Alginet.",https://alginet.sede.dival.es/,ACTIVIDADES SANITARIAS Y DE SERVICIOS SOCIALES | COMERCIO AL POR MAYOR Y AL POR MENOR | HOSTELERÍA,PYME Y PERSONAS FÍSICAS QUE DESARROLLAN ACTIVIDAD ECONÓMICA,,ES523 - Valencia / València,20000.0,2026-09-30,False,no,,
1126329,particular,sanitario_social,SUBVENCIONES NOMINATIVAS A FESTIVALES DEL TERRITORIO: Festival Nómade 2026,https://www.sede.dival.es/,ACTIVIDADES SANITARIAS Y DE SERVICIOS SOCIALES,PYME Y PERSONAS FÍSICAS QUE DESARROLLAN ACTIVIDAD ECONÓMICA,,ES523 - Valencia / València,140000.0,2026-12-31,False,no,,
1126220,particular,sanitario_social,CONCESIÓN SUBVENCIÓN NOMINATIVA A LA  MUY ILUSTRE VENERABLE Y SACRAMENTAL MAYORDOMÍA SANTÍSIMO CORPUS CHRISTI 2026,,ACTIVIDADES SANITARIAS Y DE SERVICIOS SOCIALES,PERSONAS JURÍDICAS QUE NO DESARROLLAN ACTIVIDAD ECONÓMICA,,ES521 - Alicante / Alacant,3250.0,,False,sí,,
1126156,particular,sanitario_social,SUBVENCIÓN NOMINATIVA ASOCIACIÓN HOGAR JUBILADOS Y PENSIONISTAS DEL BARRIO DEL CRISTO AÑO 2026,https://barriodelcristo.sedelectronica.es,ACTIVIDADES SANITARIAS Y DE SERVICIOS SOCIALES,PERSONAS JURÍDICAS QUE NO DESARROLLAN ACTIVIDAD ECONÓMICA,,ES523 - Valencia / València,810.0,2026-11-02,False,sí,,
1126138,particular,sanitario_social,ALTERNATIVA RESIDENCIAS GENTE MAYOR,,ACTIVIDADES SANITARIAS Y DE SERVICIOS SOCIALES,PERSONAS JURÍDICAS QUE NO DESARROLLAN ACTIVIDAD ECONÓMICA,,ES522 - Castellón / Castelló,16500.0,,False,sí,,
1125898,particular,sanitario_social,SUBVENCION NOMINATIVA FONS PER LA SOLIDARITAT 2026,https://massanassa.sedelectronica.es/info.0,ACTIVIDADES SANITARIAS Y DE SERVICIOS SOCIALES,PERSONAS JURÍDICAS QUE NO DESARROLLAN ACTIVIDAD ECONÓMICA,,ES523 - Valencia / València,1000.0,2026-06-30,False,sí,,
1125879,particular,sanitario_social,CONVENIO DE ACUERDO DE LA JGL DEL 02/07/2026 CONCESIÓN DE SUBVENCIÓN NOMINATIVA CON CÁRITAS DIOCESANA DE SEGORBE-CASTELLÓN PARA LA EJECUCIÓN DEL PROYECTO “ATENCIÓN Y ACOMPAÑAMIENTO A PERSONAS EN SITUACIÓN DE SIN HOGAR. AÑO 2026,,ACTIVIDADES SANITARIAS Y DE SERVICIOS SOCIALES,PERSONAS JURÍDICAS QUE NO DESARROLLAN ACTIVIDAD ECONÓMICA,,ES522 - Castellón / Castelló,630000.0,2026-12-31,False,sí,,
1125872,particular,sanitario_social,"Subvención nominativa 2025 Cáritas Parroquial, Parroquia San Pedro Apóstol de Massanassa",https://massanassa.sedelectronica.es/info.0,Actividades de servicios sociales sin alojamiento | Educación,PERSONAS JURÍDICAS QUE NO DESARROLLAN ACTIVIDAD ECONÓMICA,,ES523 - Valencia / València,4353.66,2025-11-30,False,sí,,
1125814,particular,sanitario_social,"Convocatoria SARC_Festivales, muestras y certámenes 2026 ",https://www.sede.dival.es/,ACTIVIDADES SANITARIAS Y DE SERVICIOS SOCIALES,PERSONAS JURÍDICAS QUE NO DESARROLLAN ACTIVIDAD ECONÓMICA,,ES523 - Valencia / València,260000.0,2026-08-25,False,sí,,
1125781,particular,sanitario_social,"Subvenciones para excursiones socioculturales de Asociaciones y Entidades federativa de personas jubiladas y pensionistas, mujeres y Amas de Casa de la provincia de Castellón. Ejercicio 2026",,Otras actividades de servicios sociales sin alojamiento,PERSONAS JURÍDICAS QUE NO DESARROLLAN ACTIVIDAD ECONÓMICA,,ES522 - Castellón / Castelló,70000.0,2026-09-11,False,sí,,
1125777,particular,sanitario_social,Convenio cátedra l'Alcora Universitat Jaume I,,Otras actividades de servicios sociales sin alojamiento,PERSONAS JURÍDICAS QUE NO DESARROLLAN ACTIVIDAD ECONÓMICA,,ES522 - Castellón / Castelló,25000.0,2026-09-30,False,sí,,
1125674,particular,sanitario_social,"Geldo y Acción 2026 - VIII Festial de geldo y acción, decreto Alcaldía 2026-0379",,ACTIVIDADES SANITARIAS Y DE SERVICIOS SOCIALES,PERSONAS FÍSICAS QUE NO DESARROLLAN ACTIVIDAD ECONÓMICA,,ES522 - Castellón / Castelló,2100.0,2026-06-30,False,sí,,
1125558,particular,sanitario_social,Subvención nominativa a favor de la Asociación de Jubilados y Pensionistas de l’Eliana 2026,,Otras actividades de servicios sociales sin alojamiento,PERSONAS JURÍDICAS QUE NO DESARROLLAN ACTIVIDAD ECONÓMICA,,ES523 - Valencia / València,6000.0,,False,sí,,
1125545,particular,sanitario_social,"SUBVENCIÓN ASOCIACIÓN DE FAMILIARES DE ENFERMOS MENTALES DE PATERNA, L’ELIANA Y SAN ANTONIO DE BENAGÉBER
(AFEMPES) 2026",,Otras actividades de servicios sociales sin alojamiento,PERSONAS JURÍDICAS QUE NO DESARROLLAN ACTIVIDAD ECONÓMICA,,ES523 - Valencia / València,9000.0,,False,sí,,
1125248,particular,sanitario_social,CONCESIÓN SUBVENCIÓN NOMINATIVA A  LA FEDERACIÓN DE BARRACAS DE ALICANTE 2026,,ACTIVIDADES SANITARIAS Y DE SERVICIOS SOCIALES,PERSONAS JURÍDICAS QUE NO DESARROLLAN ACTIVIDAD ECONÓMICA,,ES521 - Alicante / Alacant,5000.0,,False,sí,,
1125243,particular,sanitario_social,EXP. 5682/2026.- SUBVENCION NOMINATIVA ANUALIDAD 2026 TEACTIVA.,www.almoradi.es,ACTIVIDADES SANITARIAS Y DE SERVICIOS SOCIALES,PERSONAS JURÍDICAS QUE NO DESARROLLAN ACTIVIDAD ECONÓMICA,,ES521 - Alicante / Alacant,2500.0,2026-10-31,False,sí,,
1126338,particular,sanitario_social,Convocatoria para la concesión de Prestaciones Económicas Individualizadas de Emergencia Social correspondiente al ejercicio 2026,https://sanantoniodebenageber.sedelectronica.es/dossier.17,ACTIVIDADES SANITARIAS Y DE SERVICIOS SOCIALES,PERSONAS FÍSICAS QUE NO DESARROLLAN ACTIVIDAD ECONÓMICA,,ES523 - Valencia / València,19429.96,2026-10-31,False,sí,,
1129553,particular,sanitario_social,NOVENA CONVOCATORIA CONCESION DE SUBVENCIONES DESTINADAS A LAS PRESTACIONES ECONOMICAS INDIVIDUALIZADAS EN MATERIA DE SERVICIOS SOCIALES ( PEISS) EJERCICIO 2026,https://sede.burjassot.org/sta/CarpetaPublic/doEvent?APP_CODE=STA&PAGE_CODE=PTS2_HOME,Actividades de servicios sociales sin alojamiento,PERSONAS FÍSICAS QUE NO DESARROLLAN ACTIVIDAD ECONÓMICA,LOCAL,ES523 - Valencia / València,171343.74,2026-12-18,False,sí,,
1129488,particular,sanitario_social,Convenio entre Asociación La Divina Comida y Ayuntamiento de Quart de Poblet 2026,,ACTIVIDADES SANITARIAS Y DE SERVICIOS SOCIALES,PERSONAS JURÍDICAS QUE NO DESARROLLAN ACTIVIDAD ECONÓMICA,LOCAL,ES523 - Valencia / València,4500.0,2026-12-31,False,sí,,
1127848,particular,sanitario_social,SUBVENCIÓN NOMINATIVA A LA FUNDACIÓN POR LA JUSTICIA PARA ESCOLETA MATINAL EN NAZARET,,Otras actividades de servicios sociales sin alojamiento,PERSONAS JURÍDICAS QUE NO DESARROLLAN ACTIVIDAD ECONÓMICA,LOCAL,ES523 - Valencia / València,15000.0,,True,sí,,
1129315,particular,sanitario_social,CONVENIO DE COLABORACIÓN PARA LA CONCESIÓN DE SUBVENCIÓN DESTINADA A GASTOS CORRIENTES ENTRE EL AYUNTAMIENTO DE ALMUSSAFES Y LA ASOCIACIÓN DE JUBILADOS Y PENSIONISTAS DE ALMUSSAFES 2026,,"ACTIVIDADES ARTÍSTICAS, DEPORTIVAS Y DE ENTRETENIMIENTO | ACTIVIDADES SANITARIAS Y DE SERVICIOS SOCIALES | EDUCACIÓN",PERSONAS JURÍDICAS QUE NO DESARROLLAN ACTIVIDAD ECONÓMICA,LOCAL,ES523 - Valencia / València,36000.0,2026-10-31,False,sí,,
1129292,particular,sanitario_social,CONVENIO DE COLABORACIÓN PARA LA CONCESIÓN DE SUBVENCIÓN DESTINADA A GASTOS CORRIENTES ENTRE EL AYUNTAMIENTO DE ALMUSSAFES Y LA ASOCIACIÓN AFABALS.,,ACTIVIDADES SANITARIAS Y DE SERVICIOS SOCIALES | EDUCACIÓN,PERSONAS JURÍDICAS QUE NO DESARROLLAN ACTIVIDAD ECONÓMICA,LOCAL,ES523 - Valencia / València,5000.0,2026-10-31,False,sí,,
1129285,particular,sanitario_social,CONVENIO DE COLABORACIÓN PARA LA CONCESIÓN DE SUBVENCIÓN DESTINADA A GASTOS CORRIENTES ENTRE EL AYUNTAMIENTO DE ALMUSSAFES Y LA ASOCIACIÓN SOM I ESTEM 2026,,ACTIVIDADES SANITARIAS Y DE SERVICIOS SOCIALES | EDUCACIÓN,PERSONAS JURÍDICAS QUE NO DESARROLLAN ACTIVIDAD ECONÓMICA,LOCAL,ES523 - Valencia / València,5000.0,2026-10-31,False,sí,,
1129191,particular,sanitario_social,CONVENIO DE COLABORACIÓN ENTRE EL AYUNTAMIENTO DE DÉNIA Y APROSDECO 2026-SERVICIOS SOCIALES,,ACTIVIDADES SANITARIAS Y DE SERVICIOS SOCIALES,PERSONAS JURÍDICAS QUE NO DESARROLLAN ACTIVIDAD ECONÓMICA,LOCAL,ES521 - Alicante / Alacant,18000.0,2026-12-31,False,sí,,
1129156,particular,sanitario_social,CONVOCATORIA SUBVENCIÓN PARA AYUDAS GASTOS DE COMEDOR MENORES ESCOLARIZADOS EN EDUCACIÓN INFANTIL 0 A 3A AÑOS CURSO 2026-2027.,https://sede.burjassot.org/sta/CarpetaPublic/doEvent?APP_CODE=STA&PAGE_CODE=PTS2_HOME,Actividades de servicios sociales sin alojamiento,PERSONAS FÍSICAS QUE NO DESARROLLAN ACTIVIDAD ECONÓMICA,LOCAL,ES523 - Valencia / València,40000.0,2026-09-17,False,sí,,
1129144,particular,sanitario_social,"SUBVENCIÓN NOMINATIVA - ASAMBLEA DE COOPERACIÓN POR LA PAZ ""TEJIENDO ESPERANZA PARA LOS DERECHOS DE LAS MUJERES EN EL SALVADOR""",,ACTIVIDADES SANITARIAS Y DE SERVICIOS SOCIALES,PERSONAS JURÍDICAS QUE NO DESARROLLAN ACTIVIDAD ECONÓMICA,LOCAL,ES523 - Valencia / València,28100.44,2026-12-31,False,sí,,
1129129,particular,sanitario_social,"SUBVENCIÓN DIRECTA Y EXTRAORDIARIA - PATRONATO FRANCISCO ESTEVE "" ESCUELA VERANO""",,ACTIVIDADES SANITARIAS Y DE SERVICIOS SOCIALES,PERSONAS JURÍDICAS QUE NO DESARROLLAN ACTIVIDAD ECONÓMICA,LOCAL,ES523 - Valencia / València,7000.0,2026-12-31,False,sí,,
1129060,particular,sanitario_social,"SUBVENCIÓN DIRECTA Y EXTRAORDINARIA-FONS VALENCIA PER LA SOLIDARITAT ""DERECHOS EN COTACACHI FASE II) 2026",,ACTIVIDADES SANITARIAS Y DE SERVICIOS SOCIALES,PERSONAS JURÍDICAS QUE NO DESARROLLAN ACTIVIDAD ECONÓMICA,LOCAL,ES523 - Valencia / València,28100.44,2026-12-31,False,sí,,
1129019,particular,sanitario_social,"SUBVENCIÓN NOMINATIVA-AJUDA ALS POBLES ""ACOMPAÑAMIENTO A LA POBLACIÓN SAHARAUI: SEGURIDAD ALIMENTARIA, VACIONES EN PAZ Y MEJORA DEL SISTEMA DE AGUA POTABLE.",,ACTIVIDADES SANITARIAS Y DE SERVICIOS SOCIALES,PERSONAS JURÍDICAS QUE NO DESARROLLAN ACTIVIDAD ECONÓMICA,LOCAL,ES523 - Valencia / València,28100.44,2026-12-31,False,sí,,
1128872,particular,sanitario_social,EXP. 6415/2026.- SUBVENCION NOMINATIVA ANUALIDAD 2026 ASOCIACION ADA.,www.almoradi.es,Actividades de servicios sociales sin alojamiento,PERSONAS JURÍDICAS QUE NO DESARROLLAN ACTIVIDAD ECONÓMICA,LOCAL,ES521 - Alicante / Alacant,45000.0,2026-10-31,False,sí,,
1128871,particular,sanitario_social,PARTICIPACIÓN EN EL PROGRAMA  “DÍA INTERNACIONAL DE LAS PERSONAS MAYORES 2026”.,https://requena.sedipualba.es/carpetaciudadana/tramite.aspx?idtramite=2936,ACTIVIDADES SANITARIAS Y DE SERVICIOS SOCIALES,PERSONAS FÍSICAS QUE NO DESARROLLAN ACTIVIDAD ECONÓMICA,LOCAL,ES523 - Valencia / València,0.0,2026-09-21,False,sí,,
1128558,particular,sanitario_social,Subvenciones para proyectos que desarrollen asociaciones y/o entidades sociales 2026,,ACTIVIDADES SANITARIAS Y DE SERVICIOS SOCIALES,PERSONAS JURÍDICAS QUE NO DESARROLLAN ACTIVIDAD ECONÓMICA,LOCAL,ES522 - Castellón / Castelló,15000.0,2026-09-15,False,sí,,
1127990,particular,sanitario_social,CONCESIÓN SUBVENCIÓN NOMINATIVA A LA ASOCIACIÓN DE MOROS Y CRISTIANOS VILLAFRANQUEZA EL PALAMÓ 2026,,ACTIVIDADES SANITARIAS Y DE SERVICIOS SOCIALES,PERSONAS JURÍDICAS QUE NO DESARROLLAN ACTIVIDAD ECONÓMICA,LOCAL,ES521 - Alicante / Alacant,15000.0,,False,sí,,
1127978,particular,sanitario_social,"ayudas económicas para las personas en situación de vulnerabilidad para cubrir necesidades básicas y emergencia habitacional, AYUDAS DANA,MENORES, DISCAPACIDAD Y DEPENDENCIA AJUDES DANA SERVEIS
SOCIALS (ART.80 RDL 7/2024) MINISTERIO SERVICIOS SOCIALES",https://alaquas.sedelectronica.es,ACTIVIDADES SANITARIAS Y DE SERVICIOS SOCIALES | EDUCACIÓN,PERSONAS FÍSICAS QUE NO DESARROLLAN ACTIVIDAD ECONÓMICA,LOCAL,ES523 - Valencia / València,604413.46,2026-10-05,False,sí,,
1127912,particular,sanitario_social,Aprobación convocatoria concesión ayudas relativas IBI,https://benissa.sedelectronica.es/info.0,ACTIVIDADES SANITARIAS Y DE SERVICIOS SOCIALES,PYME Y PERSONAS FÍSICAS QUE DESARROLLAN ACTIVIDAD ECONÓMICA,LOCAL,ES521 - Alicante / Alacant,30000.0,2026-09-11,False,no,,
1127861,particular,sanitario_social,CONVENIO AFEM,,Otras actividades asociativas | Otras actividades de servicios sociales sin alojamiento,PERSONAS JURÍDICAS QUE NO DESARROLLAN ACTIVIDAD ECONÓMICA,LOCAL,ES521 - Alicante / Alacant,700.0,2024-07-02,False,sí,,
1127858,particular,sanitario_social,"Convenio concesión subvención nominativa con la Asociación de Personas Sordas “Virgen del Lidón” de Castellón-APESOCAS para financiar el proyecto “Accesibilidad para la Inclusión de las Personas Sordas de la ciudad de Castelló"", durante el año 2026",https://sede.castello.es/info.0,ACTIVIDADES SANITARIAS Y DE SERVICIOS SOCIALES,PERSONAS JURÍDICAS QUE NO DESARROLLAN ACTIVIDAD ECONÓMICA,LOCAL,ES522 - Castellón / Castelló,12000.0,2026-07-17,False,sí,,
1127836,particular,sanitario_social,"Convenio de colaboración entre el Ayuntamiento de València y la asociación Edad Dorada Mensajeros de la Paz Comunidad Valenciana para el desarrollo del proyecto "" La casita"" en el distrito de Poblats Maritims ",,Otras actividades de servicios sociales sin alojamiento,PERSONAS JURÍDICAS QUE NO DESARROLLAN ACTIVIDAD ECONÓMICA,LOCAL,ES523 - Valencia / València,320000.0,,True,sí,,
1127835,particular,sanitario_social,"Convenio con Fundación FAD Juventud para financiar el proyecto ""Prevenir las adicciones: educar para la vida"" durante el año 2026",https://sede.castello.es/info.0,ACTIVIDADES SANITARIAS Y DE SERVICIOS SOCIALES,PERSONAS JURÍDICAS QUE NO DESARROLLAN ACTIVIDAD ECONÓMICA,LOCAL,ES522 - Castellón / Castelló,30000.0,2026-07-14,False,sí,,
1127692,particular,sanitario_social,Convenio de colaboración entre el Ayuntamiento de València  y la entidad Iniciatives Solidaries para el desarrollo del programa de formación y empleo para jóvenes con dificultades de acceso al mismo.,,Otras actividades de servicios sociales sin alojamiento,PERSONAS JURÍDICAS QUE NO DESARROLLAN ACTIVIDAD ECONÓMICA,LOCAL,ES523 - Valencia / València,400000.0,,True,sí,,
1127688,particular,sanitario_social,BASES REGULADORAS Y CONVOCATORIA PARA LA CAMPAÑA BONO CONSUMO SAN FULGENCIO 2026,https://sanfulgencio.sedelectronica.es,"ACTIVIDADES ARTÍSTICAS, DEPORTIVAS Y DE ENTRETENIMIENTO | ACTIVIDADES PROFESIONALES, CIENTÍFICAS Y TÉCNICAS | ACTIVIDADES SANITARIAS Y DE SERVICIOS SOCIALES | AGRICULTURA, GANADERÍA, SILVICULTURA Y PESCA | COMERCIO AL POR MAYOR Y AL POR MENOR | HOSTELERÍA | OTROS SERVICIOS | TELECOMUNICACIONES, PROGRAMACIÓN INFORMÁTICA, CONSULTORÍA, INFRAESTRUCTURA INFORMÁTICA Y OTROS SERVICIOS DE INFORMACIÓN",PERSONAS FÍSICAS QUE NO DESARROLLAN ACTIVIDAD ECONÓMICA | PYME Y PERSONAS FÍSICAS QUE DESARROLLAN ACTIVIDAD ECONÓMICA,LOCAL,ES521 - Alicante / Alacant,180783.0,2026-11-05,False,sí,,
1127603,particular,sanitario_social,"Convenio Cocemfe Proyecto: ""Tratamiento, Re(Habilitación) y Promoción a la Autonomía Personal, para personas con discapacidad - Ejercicio 2026",,Actividades de servicios sociales sin alojamiento para personas mayores o con discapacidad,PERSONAS JURÍDICAS QUE NO DESARROLLAN ACTIVIDAD ECONÓMICA,LOCAL,ES522 - Castellón / Castelló,20000.0,2026-02-23,False,sí,,
1127076,particular,sanitario_social,APORTACIÓN A LA XXXIV MUESTRA DE TEATRO ESPAÑOL DE AUTORES CONTEMPORÁNEOS 2026.,,ACTIVIDADES SANITARIAS Y DE SERVICIOS SOCIALES,PERSONAS JURÍDICAS QUE NO DESARROLLAN ACTIVIDAD ECONÓMICA,LOCAL,ES521 - Alicante / Alacant,8000.0,2026-12-31,False,sí,,
1126924,particular,sanitario_social,"Decreto de la Sra. Diputada de Bienestar Social e Igualdad nº 3.741, de 14 de agosto de 2026, por el que se convocan subvenciones destinadas a Entidades privadas sin fin de lucro para gastos de desplazamiento de actividades de promoción de la convivencia.",https://diputacionalicante.sedelectronica.es,Otras actividades de servicios sociales sin alojamiento,PERSONAS JURÍDICAS QUE NO DESARROLLAN ACTIVIDAD ECONÓMICA,LOCAL,ES521 - Alicante / Alacant,150000.0,2026-09-09,False,sí,,
1126878,particular,sanitario_social,CONVENIO DE ACUERDO DE LA JGL DEL 02/07/2026 CONCESIÓN DE SUBVENCIÓN NOMINATIVA CON LA ASOCIACIÓN SÍNDROME DE DOWN DE CASTELLÓN PARA LA EJECUCIÓN DEL PROYECTO “CAMPUS DE VERANO 2026”,,ACTIVIDADES SANITARIAS Y DE SERVICIOS SOCIALES,PERSONAS JURÍDICAS QUE NO DESARROLLAN ACTIVIDAD ECONÓMICA,LOCAL,ES522 - Castellón / Castelló,13200.0,2026-07-28,False,sí,,
1126874,particular,sanitario_social,CONVENIO DE ACUERDO DE LA JGL DEL 02/07/2026 DE CONCESIÓN DE SUBVENCIÓN NOMINATIVA CON LA ASOCIACIÓN TEA-CAST PARA LA EJECUCIÓN DEL PROYECTO “ATENCIÓN PRIMARIA Y DIAGNÓSTICO DE AUTISMO”,,ACTIVIDADES SANITARIAS Y DE SERVICIOS SOCIALES,PERSONAS JURÍDICAS QUE NO DESARROLLAN ACTIVIDAD ECONÓMICA,LOCAL,ES522 - Castellón / Castelló,16500.0,2026-12-31,False,sí,,
1126873,particular,sanitario_social,CONVENIO DE COLABORACIÓN PARROQUIA SANTÍSIMA TRINIDAD DE BURJASOT.,https://sede.burjassot.org/sta/CarpetaPublic/doEvent?APP_CODE=STA&PAGE_CODE=PTS2_HOME,Actividades de servicios sociales sin alojamiento,PERSONAS JURÍDICAS QUE NO DESARROLLAN ACTIVIDAD ECONÓMICA,LOCAL,ES523 - Valencia / València,2000.0,2026-09-30,False,sí,,
1126866,particular,sanitario_social,CONVENIO DE ACUERDO DE LA JGL DEL 06/08/2026 CONCESIÓN DE SUBVENCIÓN NOMINATIVA CON LA CONGREGACIÓN HERMANITAS DE LOS ANCIANOS DESAMPARADOS PARA LA EJECUCIÓN DEL PROYECTO “CASA ASILO HOGAR VIRGEN DE LIDÓN”,,ACTIVIDADES SANITARIAS Y DE SERVICIOS SOCIALES,PERSONAS JURÍDICAS QUE NO DESARROLLAN ACTIVIDAD ECONÓMICA,LOCAL,ES522 - Castellón / Castelló,44000.0,2026-12-31,False,sí,,
1126841,particular,sanitario_social,CONVENIO DE ACUERDO DE LA JGL DEL 09/07/2026 DE CONCESIÓN DE SUBVENCIÓN NOMINATIVA CON LA FUNDACIÓN SALUD Y COMUNIDAD PARA LA EJECUCIÓN DEL PROYECTO “CENTRO ACOGIDA NITS AL CALIU”,,ACTIVIDADES SANITARIAS Y DE SERVICIOS SOCIALES,PERSONAS JURÍDICAS QUE NO DESARROLLAN ACTIVIDAD ECONÓMICA,LOCAL,ES522 - Castellón / Castelló,36080.0,2026-12-31,False,sí,,
1126834,particular,sanitario_social,CONVENIO DE ACUERDO DE LA JGL DEL 09/07/2026 CONCESIÓN DE SUBVENCIÓN NOMINATIVA CON LA ASSOCIACIÓ D’ESCLEROSI MÚLTIPLE DE CASTELLÓ PARA LA EJECUCIÓN DEL PROYECTO “ATENCIÓN DOMICILIARIA DE PERSONAS CON ESCLEROSIS MÚLTIPLE”,,ACTIVIDADES SANITARIAS Y DE SERVICIOS SOCIALES,PERSONAS JURÍDICAS QUE NO DESARROLLAN ACTIVIDAD ECONÓMICA,LOCAL,ES522 - Castellón / Castelló,44000.0,2026-12-31,False,sí,,
1126823,particular,sanitario_social,"CONVENIO ACUERDO DE LA JGL DEL 25/06/2026 CONCESIÓN DE SUBVENCIÓN NOMINATIVA CON LA FEDERACIÓN PROVINCIAL DE PERSONAL CON DISCAPACIDAD FÍSICA Y ORGÁNICA COCEMFE CASTELLÓN PARA EJECUCIÓN DEL PROYECTO “PROMOCIÓN DE LA INCLUSIÓN SOCIAL PARA PERSONAS CON D..""",,ACTIVIDADES SANITARIAS Y DE SERVICIOS SOCIALES,PERSONAS JURÍDICAS QUE NO DESARROLLAN ACTIVIDAD ECONÓMICA,LOCAL,ES522 - Castellón / Castelló,78540.0,2026-12-31,False,sí,,
1126816,particular,sanitario_social,"CONVENIO DE LA JGL DEL 25/06/2026 CONCESIÓN DE SUBVENCIÓN NOMINATIVA CON LA ASOCIACIÓN PARA LA LUCHA CONTRA LAS ENFERMEDADES DEL RIÑÓN DE CASTELLÓN, ALCER CASTALIA PARA EJECUCIÓN PROYECTO “DÍA NACIONAL DEL DONANTE DE ÓRGANOS Y ATENCIÓN INTEGRAL A PERS...""",,ACTIVIDADES SANITARIAS Y DE SERVICIOS SOCIALES,PERSONAS JURÍDICAS QUE NO DESARROLLAN ACTIVIDAD ECONÓMICA,LOCAL,ES522 - Castellón / Castelló,22000.0,2026-12-31,False,sí,,
1126802,particular,sanitario_social,"CONVENIO DE ACUERDO DE LA JGL DEL 25/06/2026 CONVENIO DE CONCESIÓN DE SUBVENCIÓN NOMINATIVA CON LA PARROQUIA DE SAN PEDRO APÓSTOL (SECRETARIADO DEL APOSTOLADO DEL MAR), PARA LA EJECUCIÓN DEL PROYECTO “STELLA MARIS CASTELLÓ""",,ACTIVIDADES SANITARIAS Y DE SERVICIOS SOCIALES,PERSONAS JURÍDICAS QUE NO DESARROLLAN ACTIVIDAD ECONÓMICA,LOCAL,ES522 - Castellón / Castelló,36750.0,2026-12-31,False,sí,,
1126784,particular,sanitario_social,Subvención nominativa a la Fundación Acción Contra el Hambre proyecto itinerarios de inclusión sociolaboral y emprendimiento Vives proyecto castelló de la Plana 2026,,ACTIVIDADES SANITARIAS Y DE SERVICIOS SOCIALES,PERSONAS JURÍDICAS QUE NO DESARROLLAN ACTIVIDAD ECONÓMICA,LOCAL,ES522 - Castellón / Castelló,74550.0,,False,sí,,
1126780,particular,sanitario_social,CONVENIO DE ACUERDO DE LA JGL DEL 02/07/2026 CONVENIO DE CONCESIÓN DE SUBVENCIÓN NOMINATIVA CON LA FUNDACIÓN PRIVADA DE LA OBRA MERCEDARIA PARA LA EJECUCIÓN DEL PROYECTO PROYECTO “LIRES MERCED”,,ACTIVIDADES SANITARIAS Y DE SERVICIOS SOCIALES,PERSONAS JURÍDICAS QUE NO DESARROLLAN ACTIVIDAD ECONÓMICA,LOCAL,ES522 - Castellón / Castelló,63000.0,2026-12-31,False,sí,,
1126779,particular,sanitario_social,Subvención nominativa a Cruz Roja Española proyecto Itinerarios de Inclusión Social: formación en competencias para personas en procesos de inclusión social,,ACTIVIDADES SANITARIAS Y DE SERVICIOS SOCIALES,PERSONAS JURÍDICAS QUE NO DESARROLLAN ACTIVIDAD ECONÓMICA,LOCAL,ES522 - Castellón / Castelló,78750.0,,False,sí,,
1126777,particular,sanitario_social,"CONVENIO ACUERDO JGL DEL 25/06/2026 CONCESIÓN DE SUBVENCIÓN NOMINATIVA CON LA ASOCIACIÓN DE PERSONAS SORDOCIEGAS DE LA COMUNIDAD VALENCIANA (ASOCIDE CV) PARA EJECUCIÓN PROYECTO “ATENCIÓN A SITUACIONES DE VULNERABILIDAD Y/O EXCLUSIÓN SOCIAL DE PERSONAS...""",,ACTIVIDADES SANITARIAS Y DE SERVICIOS SOCIALES,PERSONAS JURÍDICAS QUE NO DESARROLLAN ACTIVIDAD ECONÓMICA,LOCAL,ES522 - Castellón / Castelló,18000.0,2026-12-31,False,sí,,
1126771,particular,sanitario_social,ACUERDO DE LA JGL DEL 25/06/2026 CONCESIÓN SUBVENCIÓN NOMINATIVA CON ASOCIACIÓN DE FAMILIAS Y PERSONAS SORDAS (ASPAS-CASTELLÓN) PARA EJECUCIÓN PROYECTO “REHABILITACIÓN LOGOPÉDICA Y APOYO ESCOLAR ESPECÍFICO A NIÑOS Y NIÑAS CON DISCAPACIDAD AUDITIVA”,,ACTIVIDADES SANITARIAS Y DE SERVICIOS SOCIALES,PERSONAS JURÍDICAS QUE NO DESARROLLAN ACTIVIDAD ECONÓMICA,LOCAL,ES522 - Castellón / Castelló,14400.0,2026-12-31,False,sí,,
1126765,particular,sanitario_social,CONVENIO DE ACUERDO DE LA JGL DEL 02/07/2026 CONCESIÓN DE SUBVENCIÓN NOMINATIVA CON LA ASOCIACIÓN ESPAÑOLA CONTRA EL CÁNCER PARA LA EJECUCIÓN DEL “PROYECTO INTEGRAL DE ATENCIÓN A PACIENTES ONCOLÓGICOS”,,ACTIVIDADES SANITARIAS Y DE SERVICIOS SOCIALES,PERSONAS JURÍDICAS QUE NO DESARROLLAN ACTIVIDAD ECONÓMICA,LOCAL,ES522 - Castellón / Castelló,30000.0,2026-12-31,False,sí,,
1126759,particular,sanitario_social,"ACUERDO DE JGL DEL 02/07/2026 CONCESIÓN SUBVENCIÓN NOMINATIVA CON LA ASOCIACIÓN DE PADRES DE PERSONAS CON AUTISMO DE CASTELLÓN (APNAC) EJECUCIÓN PROYECTO “RESPIRO FAMILIAR,OCIO Y TIEMPO LIBRE CON PERSONAS CON AUTISMO Y DEL MANTENIMIENTO DE RESIDENCIA...""",,ACTIVIDADES SANITARIAS Y DE SERVICIOS SOCIALES,PERSONAS JURÍDICAS QUE NO DESARROLLAN ACTIVIDAD ECONÓMICA,LOCAL,ES522 - Castellón / Castelló,85439.0,2026-12-31,False,sí,,
1126756,particular,sanitario_social,"Ayudas al transporte destinado al colectivo de personas con diversidad funcional, convocatoria 2025",,ACTIVIDADES SANITARIAS Y DE SERVICIOS SOCIALES,PERSONAS FÍSICAS QUE NO DESARROLLAN ACTIVIDAD ECONÓMICA,LOCAL,ES523 - Valencia / València,2000.0,2026-03-30,False,sí,,
1126752,particular,sanitario_social,CONVOCATORIA DE AYUDAS INDIVIDUALES DE EMERGENCIA SOCIAL EN REGIMEN DE CONCESION DIRECTA ESPECIE(VALES GRATUITOS) 2025,,Actividades de servicios sociales sin alojamiento,PERSONAS FÍSICAS QUE NO DESARROLLAN ACTIVIDAD ECONÓMICA,LOCAL,ES523 - Valencia / València,445.0,2026-12-31,False,sí,,
1126729,particular,sanitario_social,Ayudas municipales para población altamente vulnerable y en extrema situación de exclusión social de Aldaia (correción de errores Decreto 2026/2656).,,ACTIVIDADES SANITARIAS Y DE SERVICIOS SOCIALES,PERSONAS FÍSICAS QUE NO DESARROLLAN ACTIVIDAD ECONÓMICA | PYME Y PERSONAS FÍSICAS QUE DESARROLLAN ACTIVIDAD ECONÓMICA,LOCAL,ES523 - Valencia / València,48668.5,2026-11-15,False,sí,,
1126714,particular,sanitario_social,CONVENIO DE ACUERDO DE LA JGL DEL 25/06/2026 CONCESIÓN DE SUBVENCIÓN NOMINATIVA CON LA FUNDACIÓN ASPROPACE DE LA COMUNITAT VALENCIANA PARA LA EJECUCIÓN DEL PROYECTO “ACTIVIDADES DE OCIO Y TIEMPO LIBRE EN UN CENTRO RESIDENCIAL”.,,ACTIVIDADES SANITARIAS Y DE SERVICIOS SOCIALES,PERSONAS JURÍDICAS QUE NO DESARROLLAN ACTIVIDAD ECONÓMICA,LOCAL,ES522 - Castellón / Castelló,12100.0,2026-12-31,False,sí,,
1126667,particular,sanitario_social,"Solicitud de subvención nominativa mediante CONVENIO, a la Asociación de Padres de Familia de la Parroquia Santiago Apóstol, año 2026.",https://seu.lapobladevallbona.es/sta/CarpetaPublic/doEvent?APP_CODE=STA&PAGE_CODE=PTS2_HOME&lang=CA,Otras actividades de servicios sociales sin alojamiento,PERSONAS JURÍDICAS QUE NO DESARROLLAN ACTIVIDAD ECONÓMICA,LOCAL,ES523 - Valencia / València,11226.5,2026-05-31,False,sí,,
1126659,particular,sanitario_social,CONVENIO DE ACUERDO DE LA JGL DEL 09/07/2026 CONCESIÓN DE SUBVENCIÓN NOMINATIVA CON LA FUNDACIÓN ALZHEIMER SALOMÉ MOLINER PARA LA EJECUCIÓN DEL PROYECTO “ACTIVIDADES A DESARROLLAR CON PERSONAS CON LA ENFERMEDAD DE ALZHEIMER Y OTRAS DEMENCIAS”.,,ACTIVIDADES SANITARIAS Y DE SERVICIOS SOCIALES,PERSONAS JURÍDICAS QUE NO DESARROLLAN ACTIVIDAD ECONÓMICA,LOCAL,ES522 - Castellón / Castelló,27500.0,2026-12-31,False,sí,,
1126655,particular,sanitario_social,"Solicitud subvención nominativa mediante CONVENIO a la Asociación Familiares Enfermos de Alzheimer de La Pobla, año 2026.",https://seu.lapobladevallbona.es/sta/CarpetaPublic/doEvent?APP_CODE=STA&PAGE_CODE=PTS2_HOME&lang=CA,Actividades de servicios sociales sin alojamiento para personas mayores o con discapacidad,PERSONAS JURÍDICAS QUE NO DESARROLLAN ACTIVIDAD ECONÓMICA,LOCAL,ES523 - Valencia / València,15000.0,2026-05-31,False,sí,,
1126651,particular,sanitario_social,"Solicitud de subvención nominativa mediante CONVENIO a la Asociación Democrática de Jubilados y Pensionistas UDP de La Pobla de Vallbona, año 2026.",https://seu.lapobladevallbona.es/sta/CarpetaPublic/doEvent?APP_CODE=STA&PAGE_CODE=PTS2_HOME&lang=CA,Actividades de servicios sociales sin alojamiento para personas mayores o con discapacidad,PERSONAS JURÍDICAS QUE NO DESARROLLAN ACTIVIDAD ECONÓMICA,LOCAL,ES523 - Valencia / València,4500.0,2026-05-31,False,sí,,
1126641,particular,sanitario_social,"Solicitud subvención nominativa mediante CONVENIO a la Asociación La Pobla Ajuda -Juntos con Senegal-, año 2026.",https://seu.lapobladevallbona.es/sta/CarpetaPublic/doEvent?APP_CODE=STA&PAGE_CODE=PTS2_HOME&lang=CA,Otras actividades de servicios sociales sin alojamiento,PERSONAS JURÍDICAS QUE NO DESARROLLAN ACTIVIDAD ECONÓMICA,LOCAL,ES523 - Valencia / València,6000.0,2026-05-31,False,sí,,
1126640,particular,sanitario_social,"ACUERDO DE LA JGL DEL 02/07/2026 CONCESIÓN SUBVENCIÓN NOMINATIVA CON ASOCIACIÓN PARA LA INTERVENCIÓN E INTEGRACIÓN EN ADICCIONES Y OTRAS CONDUCTAS (PATIM) PROYECTO “COLABORACIÓN PARA LA INSERCIÓN SOCIOLABORAL DE PERSONAS EN SITUACIÓNDE EXCLUSIÓN SOCIAL""",,ACTIVIDADES SANITARIAS Y DE SERVICIOS SOCIALES,PERSONAS JURÍDICAS QUE NO DESARROLLAN ACTIVIDAD ECONÓMICA,LOCAL,ES522 - Castellón / Castelló,13200.0,2026-12-31,False,sí,,
1126390,particular,artistico_deportivo,SUBVENCIÓN NOMINATIVA 2026 CLUB PESCA ESPORTIVA ALMASSORA,,Actividades deportivas,PERSONAS JURÍDICAS QUE NO DESARROLLAN ACTIVIDAD ECONÓMICA,,ES522 - Castellón / Castelló,1280.0,2026-08-12,False,sí,,
1126381,particular,artistico_deportivo,SUBVENCIÓN CLUBS DEPORTIVOS 2026,,"Actividades deportivas, recreativas y de entretenimiento",PERSONAS JURÍDICAS QUE NO DESARROLLAN ACTIVIDAD ECONÓMICA,,ES523 - Valencia / València,33000.0,2026-10-13,False,sí,,
1126379,particular,artistico_deportivo,SUBVENCIÓN NOMINATIVA 2026 CLUB DE CAÇA ALMASSORA,,Actividades deportivas,PERSONAS JURÍDICAS QUE NO DESARROLLAN ACTIVIDAD ECONÓMICA,,ES522 - Castellón / Castelló,1280.0,2026-08-12,False,sí,,
1126371,particular,artistico_deportivo,CONVENIO DE COLABORACIÓN ASSOCIACIÓ JAZZ CLUB EL MUSSOL,,Actividades de creación artística y artes escénicas,PERSONAS JURÍDICAS QUE NO DESARROLLAN ACTIVIDAD ECONÓMICA | PYME Y PERSONAS FÍSICAS QUE DESARROLLAN ACTIVIDAD ECONÓMICA,,ES521 - Alicante / Alacant,4000.0,2026-11-03,False,sí,,
1126328,particular,artistico_deportivo,SUBVENCIÓN NOMINATIVA 2026 CLUB MOUNTAIN BIKE ANIMALS DE MONTE,,Actividades deportivas,PERSONAS JURÍDICAS QUE NO DESARROLLAN ACTIVIDAD ECONÓMICA,,ES522 - Castellón / Castelló,11275.76,2026-08-12,False,sí,,
1126325,particular,artistico_deportivo,"SUBVENCIÓN DIRECTA, DE CARÁCTER EXCEPCIONAL, PARA LA FUNDACIÓN CULTURAL MIGUEL HERNÁNDEZ DE ORIHUELA, AÑO 2026.",,"ACTIVIDADES ARTÍSTICAS, DEPORTIVAS Y DE ENTRETENIMIENTO | ADMINISTRACIÓN PÚBLICA Y DEFENSA; SEGURIDAD SOCIAL OBLIGATORIA | EDUCACIÓN",PERSONAS JURÍDICAS QUE NO DESARROLLAN ACTIVIDAD ECONÓMICA,,ES521 - Alicante / Alacant,15000.0,2026-05-06,False,sí,,
1126318,particular,artistico_deportivo,SUBVENCIÓN NOMINATIVA 2026 CLUB TENNIS ALMASSORA,,Actividades deportivas,PERSONAS JURÍDICAS QUE NO DESARROLLAN ACTIVIDAD ECONÓMICA,,ES522 - Castellón / Castelló,3642.8,2026-08-12,False,sí,,
1126316,particular,artistico_deportivo,"SUBVENCIÓN DIRECTA, DE CARÁCTER EXCEPCIONAL, PARA EL OBISPADO DE ORIHUELA-ALICANTE, AÑO 2026",,"Actividades de bibliotecas, archivos, museos y otras actividades culturales | Actividades deportivas, recreativas y de entretenimiento | Otra educación",PERSONAS JURÍDICAS QUE NO DESARROLLAN ACTIVIDAD ECONÓMICA,,ES521 - Alicante / Alacant,63000.0,2026-05-15,False,sí,,
1126227,particular,artistico_deportivo,SUBVENCIÓ NOMINATIVA. ASSOCIACIÓ DE CARRETERS I CAVALLISTES,,"Actividades deportivas, recreativas y de entretenimiento",PERSONAS JURÍDICAS QUE NO DESARROLLAN ACTIVIDAD ECONÓMICA,,ES521 - Alicante / Alacant,2000.0,2026-08-10,False,sí,,
1126210,particular,artistico_deportivo,SUBVENCIÓN NOMINATIVA 2026 CLUB DE BALL SPORTIU SWING DANCE,,Actividades deportivas,PERSONAS JURÍDICAS QUE NO DESARROLLAN ACTIVIDAD ECONÓMICA,,ES522 - Castellón / Castelló,966.0,2026-08-12,False,sí,,
1126197,particular,artistico_deportivo,SUBVENCIÓN NOMINATIVA 2026 CLUB DEPORTIVO TAEKWONDO ALMAZORA,,Actividades deportivas,PERSONAS JURÍDICAS QUE NO DESARROLLAN ACTIVIDAD ECONÓMICA,,ES522 - Castellón / Castelló,3389.92,2026-09-15,False,sí,,
1126191,particular,artistico_deportivo,"Convocatoria I concurso Arte urbano ""Obrim persianes, obrim mirades""",www.xeraco.es,"ACTIVIDADES ARTÍSTICAS, DEPORTIVAS Y DE ENTRETENIMIENTO",PERSONAS FÍSICAS QUE NO DESARROLLAN ACTIVIDAD ECONÓMICA,,ES523 - Valencia / València,800.0,2026-09-04,False,sí,,
1126165,particular,artistico_deportivo,"CONVENIO DE COLABORACIÓN ENTRE EL AYUNTAMIENTO DE ALCOY Y LA ASOCIACIÓN ROCIERA DE ALCOY PARA LA REALIZACIÓN DE ACTIVIDADES RELACIONADAS CON LAS FIESTAS, Y CONCRETAMENTE LA CELEBRACIÓN DE UNA ROMERÍA EN HONOR A LA VIRGEN DEL ROCÍO, DURANTE EL AÑO 2026",,Actividades de creación artística y artes escénicas,PERSONAS JURÍDICAS QUE NO DESARROLLAN ACTIVIDAD ECONÓMICA,,ES521 - Alicante / Alacant,3000.0,2026-11-25,False,sí,,
1125959,particular,artistico_deportivo,SUBVENCIÓN CLUB NATACIÓN XUQUER,,Actividades deportivas,PERSONAS JURÍDICAS QUE NO DESARROLLAN ACTIVIDAD ECONÓMICA,,ES523 - Valencia / València,9888.82,2026-11-27,False,sí,,
1125958,particular,artistico_deportivo,SUBVENCIÓN ASOCIACIÓN PEÑAS CADAFALERAS,,Otras actividades recreativas y de entretenimiento,PERSONAS JURÍDICAS QUE NO DESARROLLAN ACTIVIDAD ECONÓMICA,,ES523 - Valencia / València,80500.0,2026-12-01,False,sí,,
1125957,particular,artistico_deportivo,SUBVENCIÓN FALLAS ALGEMESI 2026,,Otras actividades recreativas y de entretenimiento,PERSONAS JURÍDICAS QUE NO DESARROLLAN ACTIVIDAD ECONÓMICA,,ES523 - Valencia / València,6535.0,2026-07-31,False,sí,,
1125955,particular,artistico_deportivo,Convenio entre la Comisión de Fiestas 1º de Mayo y el Ayuntamiento de Quart de Poblet 2026,,"ACTIVIDADES ARTÍSTICAS, DEPORTIVAS Y DE ENTRETENIMIENTO",PERSONAS JURÍDICAS QUE NO DESARROLLAN ACTIVIDAD ECONÓMICA,,ES523 - Valencia / València,2291.0,2026-12-31,False,sí,,
1125791,particular,artistico_deportivo,"Subvención nominativa al Club Voleibol Guardamar, periodo 2025-2026.",,Actividades deportivas,PERSONAS JURÍDICAS QUE NO DESARROLLAN ACTIVIDAD ECONÓMICA,,ES521 - Alicante / Alacant,1500.0,2026-12-31,False,sí,,
1125772,particular,artistico_deportivo,Subvención nominativa al Club Deportivo de Bicicleta de Montaña de Guardamar del Segura. Anualidad 2026.,,Actividades deportivas,PERSONAS JURÍDICAS QUE NO DESARROLLAN ACTIVIDAD ECONÓMICA,,ES521 - Alicante / Alacant,2500.0,2026-12-31,False,sí,,
1125762,particular,artistico_deportivo,SUBVENCIÓN NOMINATIVA 2026 CLUB GIMNASIA ARTÍSTICA ALMASSORA,,Actividades deportivas,PERSONAS JURÍDICAS QUE NO DESARROLLAN ACTIVIDAD ECONÓMICA,,ES522 - Castellón / Castelló,6730.72,2026-08-07,False,sí,,
1125703,particular,artistico_deportivo,Subvención Nominativa Presupuesto 2026 ASOC GRUPO YOGA ALBUIXECH,,"ACTIVIDADES ARTÍSTICAS, DEPORTIVAS Y DE ENTRETENIMIENTO",PERSONAS JURÍDICAS QUE NO DESARROLLAN ACTIVIDAD ECONÓMICA,,ES523 - Valencia / València,500.0,2025-10-31,False,sí,,
1125698,particular,artistico_deportivo,Subvención Nominativa Presupuesto 2026 ASOCIACIÓ ESCOLA DE DANSA CLÀSSICA ALBUIXECH,,"ACTIVIDADES ARTÍSTICAS, DEPORTIVAS Y DE ENTRETENIMIENTO",PERSONAS JURÍDICAS QUE NO DESARROLLAN ACTIVIDAD ECONÓMICA,,ES523 - Valencia / València,500.0,2025-10-31,False,sí,,
1125692,particular,artistico_deportivo,Subvención Nominativa Presupuesto 2026 ASSOCIACIÓ DE PILATES DE ALBUIXECH,,"ACTIVIDADES ARTÍSTICAS, DEPORTIVAS Y DE ENTRETENIMIENTO",PERSONAS JURÍDICAS QUE NO DESARROLLAN ACTIVIDAD ECONÓMICA,,ES523 - Valencia / València,500.0,2025-10-31,False,sí,,
1125689,particular,artistico_deportivo,Subvención Nominativa Presupuesto 2026  ALBUIXECH BOXING CLUB,,"ACTIVIDADES ARTÍSTICAS, DEPORTIVAS Y DE ENTRETENIMIENTO",PERSONAS JURÍDICAS QUE NO DESARROLLAN ACTIVIDAD ECONÓMICA,,ES523 - Valencia / València,1320.0,2025-10-31,False,sí,,
1125686,particular,artistico_deportivo,Subvención Nominativa Presupuesto 2026 ASOCIACIÓN TAEKWON-DO ALBUIXECH,,"ACTIVIDADES ARTÍSTICAS, DEPORTIVAS Y DE ENTRETENIMIENTO",PERSONAS JURÍDICAS QUE NO DESARROLLAN ACTIVIDAD ECONÓMICA,,ES523 - Valencia / València,2200.0,2025-10-31,False,sí,,
1125684,particular,artistico_deportivo,Subvención Nominativa Presupuesto 2026 CLUB DE TIR AMB ARC D'ALBUIXECH,,"ACTIVIDADES ARTÍSTICAS, DEPORTIVAS Y DE ENTRETENIMIENTO",PERSONAS JURÍDICAS QUE NO DESARROLLAN ACTIVIDAD ECONÓMICA,,ES523 - Valencia / València,800.0,2025-10-31,False,sí,,
1125683,particular,artistico_deportivo,"SUBVENCIONES A MUNICIPIOS Y ELM PARA CATÁSTROFES NATURALES 2026, GASTO CORRIENTE( Incendio iniciado en el término de La Vall d'Uixó el 25 de julio de 2026)",,"ACTIVIDADES ARTÍSTICAS, DEPORTIVAS Y DE ENTRETENIMIENTO",PERSONAS JURÍDICAS QUE NO DESARROLLAN ACTIVIDAD ECONÓMICA,,ES522 - Castellón / Castelló,940000.0,,False,sí,,
1125680,particular,artistico_deportivo,Subvención Nominativa Presupuesto 2026 C.F. INDEPENDENT,,"ACTIVIDADES ARTÍSTICAS, DEPORTIVAS Y DE ENTRETENIMIENTO",PERSONAS JURÍDICAS QUE NO DESARROLLAN ACTIVIDAD ECONÓMICA,,ES523 - Valencia / València,8500.0,2025-10-31,False,sí,,
1125672,particular,artistico_deportivo,"CONVOCATORIA PARA LA CONCESIÓN DE SUBVENCIONES, EN RÉGIMEN DE CONCURRENCIA COMPETITIVA, CON DESTINO AL FOMENTO DE DEPORTISTAS FEDERADOS DEL MUNICIPIO DE TOUS, AÑO 2026.",,"ACTIVIDADES ARTÍSTICAS, DEPORTIVAS Y DE ENTRETENIMIENTO",PERSONAS JURÍDICAS QUE NO DESARROLLAN ACTIVIDAD ECONÓMICA,,ES523 - Valencia / València,3000.0,2026-11-30,False,sí,,
1125656,particular,artistico_deportivo,Subvención Nominativa Presupuesto 2026 CLUB COLOMBÓFILO SAN RAMÓN,,"ACTIVIDADES ARTÍSTICAS, DEPORTIVAS Y DE ENTRETENIMIENTO",PERSONAS JURÍDICAS QUE NO DESARROLLAN ACTIVIDAD ECONÓMICA,,ES523 - Valencia / València,600.0,2025-10-31,False,sí,,
1125653,particular,artistico_deportivo,Subvención Nominativa Presupuesto 2026 SOCIEDAD COLOMBICULTORA LA ALBUIXEQUENSE,,"ACTIVIDADES ARTÍSTICAS, DEPORTIVAS Y DE ENTRETENIMIENTO",PERSONAS JURÍDICAS QUE NO DESARROLLAN ACTIVIDAD ECONÓMICA,,ES523 - Valencia / València,1500.0,2025-10-31,False,sí,,
1125650,particular,artistico_deportivo,Subvención Nominativa Presupuesto 2026 CLUB PILOTA VALENCIANA ALBUIXECH,,"ACTIVIDADES ARTÍSTICAS, DEPORTIVAS Y DE ENTRETENIMIENTO",PERSONAS JURÍDICAS QUE NO DESARROLLAN ACTIVIDAD ECONÓMICA,,ES523 - Valencia / València,3400.0,2025-10-31,False,sí,,
1125644,particular,artistico_deportivo,Subvención Nominativa Presupuesto 2026 PEÑA CICLISTA EL RAYO,,"ACTIVIDADES ARTÍSTICAS, DEPORTIVAS Y DE ENTRETENIMIENTO",PERSONAS JURÍDICAS QUE NO DESARROLLAN ACTIVIDAD ECONÓMICA,,ES523 - Valencia / València,2100.0,2025-10-31,False,sí,,
1125621,particular,artistico_deportivo,Subvención Directa C.F. Albuixech - Tablets 2026,,"ACTIVIDADES ARTÍSTICAS, DEPORTIVAS Y DE ENTRETENIMIENTO",PERSONAS JURÍDICAS QUE NO DESARROLLAN ACTIVIDAD ECONÓMICA,,ES523 - Valencia / València,832.46,2026-06-30,False,sí,,
1125566,particular,artistico_deportivo,Subvención Nominativa Presupuesto 2026 ASOCIACIÓN NIÑOS SUZUKI EN ACCIÓN,,"ACTIVIDADES ARTÍSTICAS, DEPORTIVAS Y DE ENTRETENIMIENTO",PERSONAS JURÍDICAS QUE NO DESARROLLAN ACTIVIDAD ECONÓMICA,,ES523 - Valencia / València,500.0,2025-10-31,False,sí,,
1125559,particular,artistico_deportivo,"Convenio de colaboración entre el Ayuntamiento de Castellón de la Plana y la Valencian Music Association para la realización del proyecto ""Trovam - La Fira Valenciana de la Musica 2026""",sede.castello.es,"ACTIVIDADES ARTÍSTICAS, DEPORTIVAS Y DE ENTRETENIMIENTO",PERSONAS JURÍDICAS QUE NO DESARROLLAN ACTIVIDAD ECONÓMICA,,ES522 - Castellón / Castelló,25000.0,2026-12-31,False,sí,,
1125553,particular,artistico_deportivo,Subvención Nominativa a la Peña Cicloturista de Guardamar del Segura. Anualidad 2026.,,Actividades deportivas,PERSONAS JURÍDICAS QUE NO DESARROLLAN ACTIVIDAD ECONÓMICA,,ES521 - Alicante / Alacant,5500.0,2026-12-31,False,sí,,
1125550,particular,artistico_deportivo,Subvención Directa Reparaciones Altar - PARROQUIA NTRA SRA DE ALBUIXECH,,"ACTIVIDADES ARTÍSTICAS, DEPORTIVAS Y DE ENTRETENIMIENTO | OTROS SERVICIOS",PERSONAS JURÍDICAS QUE NO DESARROLLAN ACTIVIDAD ECONÓMICA,,ES523 - Valencia / València,500.0,2026-06-30,False,sí,,
1125544,particular,artistico_deportivo,Subvención Nominativa Presupuesto 2026 PARROQUIA NTRA SRA. DE ALBUIXECH,,"ACTIVIDADES ARTÍSTICAS, DEPORTIVAS Y DE ENTRETENIMIENTO | OTROS SERVICIOS",PERSONAS JURÍDICAS QUE NO DESARROLLAN ACTIVIDAD ECONÓMICA,,ES523 - Valencia / València,500.0,2025-10-31,False,sí,,
1125540,particular,artistico_deportivo,SUBVENCIÓN NOMINATIVA CLUB DE PADEL,https://benimodo.sedelectronica.es/info.0,"ACTIVIDADES ARTÍSTICAS, DEPORTIVAS Y DE ENTRETENIMIENTO",PERSONAS JURÍDICAS QUE NO DESARROLLAN ACTIVIDAD ECONÓMICA,,ES523 - Valencia / València,750.0,2026-11-30,False,sí,,
1125539,particular,artistico_deportivo,Subvención Nominativa Presupuesto 2026 ASOCIACIÓN CAMARERAS DE LA VIRGEN DE ALBUIXECH,,"ACTIVIDADES ARTÍSTICAS, DEPORTIVAS Y DE ENTRETENIMIENTO | OTROS SERVICIOS",PERSONAS JURÍDICAS QUE NO DESARROLLAN ACTIVIDAD ECONÓMICA,,ES523 - Valencia / València,1000.0,2025-10-31,False,sí,,
1125537,particular,artistico_deportivo,Subvención Nominativa Presupuesto 2026 ANEM A L'ERMITA,,"ACTIVIDADES ARTÍSTICAS, DEPORTIVAS Y DE ENTRETENIMIENTO | OTROS SERVICIOS",PERSONAS JURÍDICAS QUE NO DESARROLLAN ACTIVIDAD ECONÓMICA,,ES523 - Valencia / València,1500.0,2025-10-31,False,sí,,
1125532,particular,artistico_deportivo,Subvención Nominativa Presupuesto 2026 ALBUIXECH ROCK A L'HORTA NORD ASSOCIACIÓ MUSICAL,,"ACTIVIDADES ARTÍSTICAS, DEPORTIVAS Y DE ENTRETENIMIENTO",PERSONAS JURÍDICAS QUE NO DESARROLLAN ACTIVIDAD ECONÓMICA,,ES523 - Valencia / València,500.0,2025-10-31,False,sí,,
1125528,particular,artistico_deportivo,Subvención Nominativa Presupuesto 2026 BATUCADA DE ALBUIXECH - BATUXECH,,"ACTIVIDADES ARTÍSTICAS, DEPORTIVAS Y DE ENTRETENIMIENTO",PERSONAS JURÍDICAS QUE NO DESARROLLAN ACTIVIDAD ECONÓMICA,,ES523 - Valencia / València,2350.0,2025-10-31,False,sí,,
1125515,particular,artistico_deportivo,SUBVENCIÓN DIRECTA ECLIPSE TOTAL 2026 ASOC ASTRONÓMICA,,"ACTIVIDADES ARTÍSTICAS, DEPORTIVAS Y DE ENTRETENIMIENTO",PERSONAS JURÍDICAS QUE NO DESARROLLAN ACTIVIDAD ECONÓMICA,,ES523 - Valencia / València,5000.0,2026-06-30,False,sí,,
1125512,particular,artistico_deportivo,Subvención Nominativa Presupuesto 2026 ASOC ASTRONÓMICA DE ALBUIXECH,,"ACTIVIDADES ARTÍSTICAS, DEPORTIVAS Y DE ENTRETENIMIENTO",PERSONAS JURÍDICAS QUE NO DESARROLLAN ACTIVIDAD ECONÓMICA,,ES523 - Valencia / València,2350.0,2025-10-31,False,sí,,
1125454,particular,artistico_deportivo,Subvención Nominativa Presupuesto 2026 FALLA SANT RAMÓN,,"ACTIVIDADES ARTÍSTICAS, DEPORTIVAS Y DE ENTRETENIMIENTO",PERSONAS JURÍDICAS QUE NO DESARROLLAN ACTIVIDAD ECONÓMICA,,ES523 - Valencia / València,2750.0,2025-10-31,False,sí,,
1125449,particular,artistico_deportivo,Subvención Nominativa Presupuesto 2026 ASOCIACIÓN AMAS DE CASA DE ALBUIXECH,,"ACTIVIDADES ARTÍSTICAS, DEPORTIVAS Y DE ENTRETENIMIENTO",PERSONAS JURÍDICAS QUE NO DESARROLLAN ACTIVIDAD ECONÓMICA,,ES523 - Valencia / València,2000.0,2025-10-31,False,sí,,
1125441,particular,artistico_deportivo,Subvención Directa - Kanta Albuixech 2026,,"ACTIVIDADES ARTÍSTICAS, DEPORTIVAS Y DE ENTRETENIMIENTO",PERSONAS JURÍDICAS QUE NO DESARROLLAN ACTIVIDAD ECONÓMICA,,ES523 - Valencia / València,5000.0,2026-03-31,False,sí,,
1125429,particular,artistico_deportivo,Subvención nominativa Presupuesto 2026 SDAD MUSICAL ESLAVA,,"ACTIVIDADES ARTÍSTICAS, DEPORTIVAS Y DE ENTRETENIMIENTO",PERSONAS JURÍDICAS QUE NO DESARROLLAN ACTIVIDAD ECONÓMICA,,ES523 - Valencia / València,9310.0,2025-10-31,False,sí,,
1125418,particular,artistico_deportivo,"Acuerdo de la Junta de Gobierno Local, de 27 de julio de 2026, dar cuenta de la aprobación de las BASES Y CONVOCATORIA DE SUBVENCIONES A ENTIDADES Y CLUBES DEPORTIVOS, ANUALIDAD 2026",sede.villena.es,Actividades deportivas,PERSONAS JURÍDICAS QUE NO DESARROLLAN ACTIVIDAD ECONÓMICA,,ES521 - Alicante / Alacant,110000.0,2026-08-26,False,sí,,
1125288,particular,artistico_deportivo,BASES Y CONVOCATORIA DE LA XXXV EDICIÓN DE LOS PREMIOS OTOÑO “VILLA DE CHIVA” 2026,https://chiva.sedelectronica.es/info.0,Actividades de creación artística y artes escénicas,PERSONAS FÍSICAS QUE NO DESARROLLAN ACTIVIDAD ECONÓMICA,,ES523 - Valencia / València,6000.0,2026-10-30,False,sí,,
1126370,particular,artistico_deportivo,GESTIÓN VI FESTIVAL INTERNACIONAL DE ANIMACIÓN ANIMALCOI,,Actividades de creación artística y artes escénicas,PERSONAS JURÍDICAS QUE NO DESARROLLAN ACTIVIDAD ECONÓMICA | PYME Y PERSONAS FÍSICAS QUE DESARROLLAN ACTIVIDAD ECONÓMICA,,ES521 - Alicante / Alacant,30000.0,2026-12-01,False,sí,,
1126369,particular,artistico_deportivo,CONVENIO CON LA COLLA DE CAMPANERS D`ALCOI PARA LA REALIZACIÓN DE ACTUACIONES DE MEJORA Y DIVULGACIÓN DEL PATRIMONIO CAMPANERO 2026,,"ACTIVIDADES ARTÍSTICAS, DEPORTIVAS Y DE ENTRETENIMIENTO",PERSONAS JURÍDICAS QUE NO DESARROLLAN ACTIVIDAD ECONÓMICA | PYME Y PERSONAS FÍSICAS QUE DESARROLLAN ACTIVIDAD ECONÓMICA,,ES521 - Alicante / Alacant,1500.0,2026-11-03,False,sí,,
1126368,particular,artistico_deportivo,"CONVENIO AMIGOS DE LA MÚSICA DE ALCOY PARA LA REALIZACIÓN DE ACTIVIDADES MUSICALES, ANUALIDAD 2026",,Actividades de creación artística y artes escénicas,PERSONAS JURÍDICAS QUE NO DESARROLLAN ACTIVIDAD ECONÓMICA,,ES521 - Alicante / Alacant,12000.0,2026-12-10,False,sí,,
1126348,particular,artistico_deportivo,Convenio de colaboración entre el M.I. Ayuntamiento de Utiel y la Peña Popular Utielana,,"ACTIVIDADES ARTÍSTICAS, DEPORTIVAS Y DE ENTRETENIMIENTO",PERSONAS JURÍDICAS QUE NO DESARROLLAN ACTIVIDAD ECONÓMICA,,ES523 - Valencia / València,7000.0,,False,sí,,
1125491,particular,artistico_deportivo,Subvención Nominativa Presupuesto 2026 ASOCIACIÓN JUBILADOS ALBUIXECH,,"ACTIVIDADES ARTÍSTICAS, DEPORTIVAS Y DE ENTRETENIMIENTO",PERSONAS JURÍDICAS QUE NO DESARROLLAN ACTIVIDAD ECONÓMICA,,ES523 - Valencia / València,1650.0,2025-10-31,False,sí,,
1125468,particular,artistico_deportivo,Subvención Nominativa Presupuesto 2026 FALLA REI EN JAUME I,,"ACTIVIDADES ARTÍSTICAS, DEPORTIVAS Y DE ENTRETENIMIENTO",PERSONAS JURÍDICAS QUE NO DESARROLLAN ACTIVIDAD ECONÓMICA,,ES523 - Valencia / València,2500.0,2025-10-31,False,sí,,
1125460,particular,artistico_deportivo,SUBVENCIÓN NOMINATIVA 2026 ALMASSORA CLUB PATÍ,,Actividades deportivas,PERSONAS JURÍDICAS QUE NO DESARROLLAN ACTIVIDAD ECONÓMICA,,ES522 - Castellón / Castelló,13654.38,2026-08-05,False,sí,,
1125446,particular,artistico_deportivo,"Acuerdo de la Junta de Gobierno Local, de 27 de julio de 2026, dar cuenta de a aprobación de las BASES Y CONVOCATORIA DE BECAS DEPORTIVAS/PREMIOS, ANUALIDAD 2026",sede.villena.es,Actividades deportivas,PERSONAS FÍSICAS QUE NO DESARROLLAN ACTIVIDAD ECONÓMICA,,ES521 - Alicante / Alacant,8000.0,2026-08-26,False,sí,,
1128551,particular,artistico_deportivo,SUBVENCIÓN NOMINATIVA UUNIÓ ESPORTIU GIMNÀSTIC SANT VICENT C.F. TEMPORADA 2025/2026,,Actividades deportivas,PERSONAS JURÍDICAS QUE NO DESARROLLAN ACTIVIDAD ECONÓMICA,LOCAL,ES521 - Alicante / Alacant,21000.0,2026-07-15,False,sí,,
1129543,particular,artistico_deportivo,SUBVENCIÓN NOMINATIVA A LA ORQUESTA DE PULSO Y PUA CELIA GINER DE ALFAFAR - AYUNTAMIENTO DE ALFAFAR - EJERCICIO 2026.,,"ACTIVIDADES ARTÍSTICAS, DEPORTIVAS Y DE ENTRETENIMIENTO",PERSONAS JURÍDICAS QUE NO DESARROLLAN ACTIVIDAD ECONÓMICA,LOCAL,ES523 - Valencia / València,1500.0,2026-11-30,False,sí,,
1129468,particular,artistico_deportivo,Concesión subvención nominativa Madelpilota,castellosom.es,"ACTIVIDADES ARTÍSTICAS, DEPORTIVAS Y DE ENTRETENIMIENTO",PERSONAS JURÍDICAS QUE NO DESARROLLAN ACTIVIDAD ECONÓMICA,LOCAL,ES523 - Valencia / València,1000.0,,True,sí,,
1129465,particular,artistico_deportivo,Concesión subvención nominativa Futbol Veteranos,castellosom.es,"ACTIVIDADES ARTÍSTICAS, DEPORTIVAS Y DE ENTRETENIMIENTO",PERSONAS JURÍDICAS QUE NO DESARROLLAN ACTIVIDAD ECONÓMICA,LOCAL,ES523 - Valencia / València,1000.0,,True,sí,,
1129411,particular,artistico_deportivo,BASES REGULADORAS DE LA CONVOCATORIA DE AYUDAS AL EMPRENDIMIENTO Y AL RELEVO GENERACIONAL DEL COMERCIO LOCAL DE ALCOY. EJERCICIO 2026.,,"ACTIVIDADES ARTÍSTICAS, DEPORTIVAS Y DE ENTRETENIMIENTO",PYME Y PERSONAS FÍSICAS QUE DESARROLLAN ACTIVIDAD ECONÓMICA,LOCAL,ES521 - Alicante / Alacant,50000.0,2026-09-24,False,no,,
1129396,particular,artistico_deportivo,Concesión subvención nominativa UD Castellonense Futbol Sala,castellosom.es,"ACTIVIDADES ARTÍSTICAS, DEPORTIVAS Y DE ENTRETENIMIENTO",PERSONAS JURÍDICAS QUE NO DESARROLLAN ACTIVIDAD ECONÓMICA,LOCAL,ES523 - Valencia / València,1000.0,,True,sí,,
1129376,particular,artistico_deportivo,"EXP. 5295/2026.- OCTAVA CONVOCATORIA PARA LA CONCESIÓN DE SUBVENCIONES DENOMINADAS ""BONOS CONSUMO COMERCIO LOCAL DE ALMORADÍ (ALMORADÍ VALE X 2)”, EN RÉGIMEN DE CONCURRENCIA COMPETITIVA, ANUALIDAD 2026.",www.almoradi.es,"Actividades de agencias de viajes y operadores turísticos | Actividades deportivas | Comercio al por menor de artículos culturales y recreativos | Comercio al por menor de equipos para las tecnologías de la información y las comunicaciones | Comercio al por menor de otros artículos de uso doméstico | Comercio al por menor de productos alimenticios, bebidas y tabaco | Comercio al por menor de vehículos de motor, motocicletas y sus repuestos y accesorios | Comercio al por menor no especializado | Otras actividades recreativas y de entretenimiento | Otros servicios de reservas y actividades relacionadas con los mismos | Restaurantes y puestos de comidas | Servicios de bebidas | Servicios de catering y otros servicios de comidas | Servicios personales",PERSONAS FÍSICAS QUE NO DESARROLLAN ACTIVIDAD ECONÓMICA,LOCAL,ES521 - Alicante / Alacant,331076.0,2026-09-08,False,sí,,
1129315,particular,artistico_deportivo,CONVENIO DE COLABORACIÓN PARA LA CONCESIÓN DE SUBVENCIÓN DESTINADA A GASTOS CORRIENTES ENTRE EL AYUNTAMIENTO DE ALMUSSAFES Y LA ASOCIACIÓN DE JUBILADOS Y PENSIONISTAS DE ALMUSSAFES 2026,,"ACTIVIDADES ARTÍSTICAS, DEPORTIVAS Y DE ENTRETENIMIENTO | ACTIVIDADES SANITARIAS Y DE SERVICIOS SOCIALES | EDUCACIÓN",PERSONAS JURÍDICAS QUE NO DESARROLLAN ACTIVIDAD ECONÓMICA,LOCAL,ES523 - Valencia / València,36000.0,2026-10-31,False,sí,,
1129145,particular,artistico_deportivo,SUBVENCIÓ NOMINATIVA. CLUB NATACIO ONDARA 2026,,"Actividades deportivas, recreativas y de entretenimiento",PERSONAS JURÍDICAS QUE NO DESARROLLAN ACTIVIDAD ECONÓMICA,LOCAL,ES521 - Alicante / Alacant,800.0,2026-08-18,False,sí,,
1129142,particular,artistico_deportivo,SUBVENCIÓ NOMINATIVA. ONDARA TRI-ESPORT,,"Actividades deportivas, recreativas y de entretenimiento",PERSONAS JURÍDICAS QUE NO DESARROLLAN ACTIVIDAD ECONÓMICA,LOCAL,ES521 - Alicante / Alacant,1500.0,2026-08-18,False,sí,,
1129135,particular,artistico_deportivo,SUBVENCIÓ NOMINATIVA. RACING ONDARENSE CLUB FUTBOL SALA 2026,,"Actividades deportivas, recreativas y de entretenimiento",PERSONAS JURÍDICAS QUE NO DESARROLLAN ACTIVIDAD ECONÓMICA,LOCAL,ES521 - Alicante / Alacant,1500.0,2026-07-20,False,sí,,
1129128,particular,artistico_deportivo,SUBVENCIÓ NOMINATIVA. UNIÓN DEPORTIVA ONDARENSE 2026,,"Actividades deportivas, recreativas y de entretenimiento",PERSONAS JURÍDICAS QUE NO DESARROLLAN ACTIVIDAD ECONÓMICA,LOCAL,ES521 - Alicante / Alacant,7000.0,2026-07-20,False,sí,,
1129123,particular,artistico_deportivo,SUBVENCIÓN NOMINATIVA PEÑA CICLISTA DE BENIMODO,https://benimodo.sedelectronica.es/info.0,"ACTIVIDADES ARTÍSTICAS, DEPORTIVAS Y DE ENTRETENIMIENTO",PERSONAS JURÍDICAS QUE NO DESARROLLAN ACTIVIDAD ECONÓMICA,LOCAL,ES523 - Valencia / València,1000.0,2026-11-30,False,sí,,
1129112,particular,artistico_deportivo,CONVENIO DE COLABORACION ENTRE EL AYUNTAMIENTO DE ALCOY Y EL GRUPO DE ADICCION REHABILITADOS ALCOY PARA EL DESARROLLO DEL PROGRAMA `PREVENCION Y ATENCION PSICOSOCIOSANITARIA DEL ENFERMO ADICTO Y SUS FAMILIARES` 2026,,"ACTIVIDADES ARTÍSTICAS, DEPORTIVAS Y DE ENTRETENIMIENTO",PERSONAS JURÍDICAS QUE NO DESARROLLAN ACTIVIDAD ECONÓMICA,LOCAL,ES521 - Alicante / Alacant,33179.84,2026-11-08,False,sí,,
1128831,particular,artistico_deportivo,CONVENIO COLABORACIÓN ENTRE EL AYUNTAMIENTO DE ALCOY Y EGM COTES BAIXES - JUSTIFICACIÓN 10% SUBVENCIÓN NOMINATIVA AÑO 2025,,"ACTIVIDADES ARTÍSTICAS, DEPORTIVAS Y DE ENTRETENIMIENTO",PERSONAS JURÍDICAS QUE NO DESARROLLAN ACTIVIDAD ECONÓMICA,LOCAL,ES521 - Alicante / Alacant,2000.0,2026-11-30,False,sí,,
1128814,particular,artistico_deportivo,CONVENIO COLABORACIÓN ENTRE EL AYUNTAMIENTO DE ALCOY Y EGM COTES ALTES - JUSTIFICACIÓN DEL 10% DE LA SUBVENCIÓN NOMINATIVA DEL AÑO 2025,,"ACTIVIDADES ARTÍSTICAS, DEPORTIVAS Y DE ENTRETENIMIENTO",PERSONAS JURÍDICAS QUE NO DESARROLLAN ACTIVIDAD ECONÓMICA,LOCAL,ES521 - Alicante / Alacant,2000.0,2026-11-30,False,sí,,
1128799,particular,artistico_deportivo,CONCESIÓN SUBVENCIÓN NOMINATIVA EJERCICIO 2026,,"ACTIVIDADES ARTÍSTICAS, DEPORTIVAS Y DE ENTRETENIMIENTO",PERSONAS JURÍDICAS QUE NO DESARROLLAN ACTIVIDAD ECONÓMICA,LOCAL,ES523 - Valencia / València,500.0,2026-12-31,False,sí,,
1128774,particular,artistico_deportivo,Subvención nominativa Club de Fútbol Fénix Moncada 2026,https://moncada.sedipualba.es/,"Actividades deportivas, recreativas y de entretenimiento",PERSONAS JURÍDICAS QUE NO DESARROLLAN ACTIVIDAD ECONÓMICA,LOCAL,ES523 - Valencia / València,9000.0,2026-07-20,False,sí,,
1128769,particular,artistico_deportivo,Subvención nominativa Club de Pilota Valenciana Moncada 2026,https://moncada.sedipualba.es/,"Actividades deportivas, recreativas y de entretenimiento",PERSONAS JURÍDICAS QUE NO DESARROLLAN ACTIVIDAD ECONÓMICA,LOCAL,ES523 - Valencia / València,9000.0,2026-07-20,False,sí,,
1128760,particular,artistico_deportivo,"CONVOCATORIA DE AYUDAS A LA PROMOCIÓN DEL DEPORTE DEL AYUNTAMIENTO DE CALP, TEMPORADA 2025-2026",https://calp.sedelectronica.es,"Actividades deportivas, recreativas y de entretenimiento | Administración pública y defensa; seguridad social obligatoria",PERSONAS JURÍDICAS QUE NO DESARROLLAN ACTIVIDAD ECONÓMICA,LOCAL,ES521 - Alicante / Alacant,275000.0,,False,sí,,
1128746,particular,artistico_deportivo,CONCESIÓN SUBVENCIÓN NOMINATIVA EJERCICIO  2026,,"ACTIVIDADES ARTÍSTICAS, DEPORTIVAS Y DE ENTRETENIMIENTO",PERSONAS JURÍDICAS QUE NO DESARROLLAN ACTIVIDAD ECONÓMICA,LOCAL,ES523 - Valencia / València,500.0,2026-12-31,False,sí,,
1128733,particular,artistico_deportivo,CONCESIÓN SUBVENCIÓN NOMINATIVA EJERCICIO 2026,,"ACTIVIDADES ARTÍSTICAS, DEPORTIVAS Y DE ENTRETENIMIENTO",PERSONAS JURÍDICAS QUE NO DESARROLLAN ACTIVIDAD ECONÓMICA,LOCAL,ES523 - Valencia / València,500.0,2026-12-31,False,sí,,
1128718,particular,artistico_deportivo,Subvención nominativa Club Triatlón y Paratriatlón Avant Moncada 2026,https://moncada.sedipualba.es/,"Actividades deportivas, recreativas y de entretenimiento",PERSONAS JURÍDICAS QUE NO DESARROLLAN ACTIVIDAD ECONÓMICA,LOCAL,ES523 - Valencia / València,4100.0,2026-07-20,False,sí,,
1128716,particular,artistico_deportivo,CONCESIÓN SUBVENCIÓN NOMINATIVA EJERCICIO 2026,,"ACTIVIDADES ARTÍSTICAS, DEPORTIVAS Y DE ENTRETENIMIENTO",PERSONAS JURÍDICAS QUE NO DESARROLLAN ACTIVIDAD ECONÓMICA,LOCAL,ES523 - Valencia / València,500.0,2026-12-31,False,sí,,
1128687,particular,artistico_deportivo,CONVENIO DE COLABORACIÓN CON LA ASOCIACIÓN ESPAÑOLA CONTRA EL CÁNCER,,"ACTIVIDADES ARTÍSTICAS, DEPORTIVAS Y DE ENTRETENIMIENTO",PERSONAS JURÍDICAS QUE NO DESARROLLAN ACTIVIDAD ECONÓMICA,LOCAL,ES521 - Alicante / Alacant,9842.37,2026-06-30,False,sí,,
1128662,particular,artistico_deportivo,CONVOCATORIA DE BECAS INDIVIDUALES A DEPORTISTAS JÓVENES DE QUART DE POBLET EN EL EJERCICIO 2026,,"ACTIVIDADES ARTÍSTICAS, DEPORTIVAS Y DE ENTRETENIMIENTO",PERSONAS JURÍDICAS QUE NO DESARROLLAN ACTIVIDAD ECONÓMICA,LOCAL,ES523 - Valencia / València,10000.0,2026-12-31,False,sí,,
1128659,particular,artistico_deportivo,CONVOCATORIA DE SUBVENCIONES EN CONCURRENCIA COMPETITIVA PARA ASOCIACIONES DE MADRES Y PADRES DEL ALUMNADO (AMPAS/AFAS) DE PRIMARIA DE QUART DE POBLET POR EL DESARROLLO DE DEPORTE ESCOLAR EN CENTROS DOCENTES Y LA CONTRATACIÓN DE MONITORES TEA EN 2026.,,"ACTIVIDADES ARTÍSTICAS, DEPORTIVAS Y DE ENTRETENIMIENTO",PERSONAS JURÍDICAS QUE NO DESARROLLAN ACTIVIDAD ECONÓMICA,LOCAL,ES523 - Valencia / València,35000.0,2026-12-31,False,sí,,
1128645,particular,artistico_deportivo,CONVOCATORIA DE SUBVENCIONES EN CONCURRENCIA COMPETITIVA PARA ENTIDADES Y CLUBES DEPORTIVOS DE QUART DE POBLET POR DESARROLLO DE ESCUELAS INICIACIÓN DEPORTIVA y DEPORTE BASE Y PARTICIPACIÓN EN COMPETICIONES FEDERADAS EN EL EJERCICIO 2026,,"ACTIVIDADES ARTÍSTICAS, DEPORTIVAS Y DE ENTRETENIMIENTO",PERSONAS JURÍDICAS QUE NO DESARROLLAN ACTIVIDAD ECONÓMICA,LOCAL,ES523 - Valencia / València,90000.0,2026-12-31,False,sí,,
1128625,particular,artistico_deportivo,"CONVENIO DE COLABORACIÓN ENTRE EL AYUNTAMIENTO DE ALCALA DE XIVERT Y LA ASOCIACIÓN “ASSOCIACIÓ TAURINA JOVENTUT BOUERA”, DE ALCALÀ DE XIVERT",,"ACTIVIDADES ARTÍSTICAS, DEPORTIVAS Y DE ENTRETENIMIENTO",PERSONAS JURÍDICAS QUE NO DESARROLLAN ACTIVIDAD ECONÓMICA,LOCAL,ES522 - Castellón / Castelló,3630.0,,False,sí,,
1128599,particular,artistico_deportivo,"Subvención nominativa 2026 - Prociclismo - ""Volta a la CV""",https://www.sede.dival.es/,Actividades deportivas,PERSONAS JURÍDICAS QUE NO DESARROLLAN ACTIVIDAD ECONÓMICA,LOCAL,ES523 - Valencia / València,140000.0,,False,sí,,
1128586,particular,artistico_deportivo,"Corrección errores, plazo de presentación de solicitudes, BECAS Transporte Universitario curso 2025-2026",,"ACTIVIDADES ARTÍSTICAS, DEPORTIVAS Y DE ENTRETENIMIENTO | EDUCACIÓN",PERSONAS FÍSICAS QUE NO DESARROLLAN ACTIVIDAD ECONÓMICA,LOCAL,ES521 - Alicante / Alacant,6000.0,2026-09-20,False,sí,,
1128568,particular,artistico_deportivo,SUBVENCIÓN NOMINATIVA CLUB ATLÉTICO SAN VICENTE HOCKEY TEMPORADA 2025/2026,,Actividades deportivas,PERSONAS JURÍDICAS QUE NO DESARROLLAN ACTIVIDAD ECONÓMICA,LOCAL,ES521 - Alicante / Alacant,28000.0,2026-07-15,False,sí,,
1128546,particular,artistico_deportivo,Subvención nominativa Coyotes Rugby Club 2026,,Actividades deportivas | Otras actividades recreativas y de entretenimiento,PERSONAS JURÍDICAS QUE NO DESARROLLAN ACTIVIDAD ECONÓMICA,LOCAL,ES523 - Valencia / València,4000.0,2026-07-20,False,sí,,
1128389,particular,artistico_deportivo,Becas transporte universitario curso 2025-2026,,"ACTIVIDADES ARTÍSTICAS, DEPORTIVAS Y DE ENTRETENIMIENTO | EDUCACIÓN",PERSONAS FÍSICAS QUE NO DESARROLLAN ACTIVIDAD ECONÓMICA,LOCAL,ES521 - Alicante / Alacant,6000.0,2026-09-16,False,sí,,
1128362,particular,artistico_deportivo,CONVENIO DE COLABORACIÓN ORGANIZACIÓN VIII FESTIVAL DE GUITARRA JOSÉ LUIS GONZÁLEZ,,"ACTIVIDADES ARTÍSTICAS, DEPORTIVAS Y DE ENTRETENIMIENTO",PERSONAS JURÍDICAS QUE NO DESARROLLAN ACTIVIDAD ECONÓMICA | PYME Y PERSONAS FÍSICAS QUE DESARROLLAN ACTIVIDAD ECONÓMICA,LOCAL,ES521 - Alicante / Alacant,2000.0,2026-11-03,False,sí,,
1128322,particular,artistico_deportivo,Convenio de colaboración entre el Ayuntamiento de Altea y el Club ciclista Pere Joan Caragol para promover y apoyar la actividad de ciclismo de dicha asociación.,,"ACTIVIDADES ARTÍSTICAS, DEPORTIVAS Y DE ENTRETENIMIENTO",PERSONAS JURÍDICAS QUE NO DESARROLLAN ACTIVIDAD ECONÓMICA,LOCAL,ES521 - Alicante / Alacant,6500.0,2026-09-30,False,sí,,
1128314,particular,artistico_deportivo,CONCESIÓN SUBVENCIÓN NOMINATIVA EJERCICIO 2026,,"ACTIVIDADES ARTÍSTICAS, DEPORTIVAS Y DE ENTRETENIMIENTO",PERSONAS JURÍDICAS QUE NO DESARROLLAN ACTIVIDAD ECONÓMICA,LOCAL,ES523 - Valencia / València,500.0,2026-12-31,False,sí,,
1128307,particular,artistico_deportivo,"Bases reguladoras y convocatoria de la Campaña ""Bono-Consumo El Castell de Guadalest 2026""",,"ACTIVIDADES ARTÍSTICAS, DEPORTIVAS Y DE ENTRETENIMIENTO | Comercio al por menor | HOSTELERÍA",PYME Y PERSONAS FÍSICAS QUE DESARROLLAN ACTIVIDAD ECONÓMICA,LOCAL,ES521 - Alicante / Alacant,18082.0,2026-09-11,False,no,,
1128249,particular,artistico_deportivo,"Resolución de alcaldía Nº 2689/2026 de 11 de agosto, del Ayuntamiento de Riba-roja de Turia por la que se convocan subvenciones destinadas a Deportistas Locales de Riba-roja de Túria año 2026 (resultados deportivos 2025).",https://oficinavirtual.ribarroja.es/PortalCiudadania ,Actividades deportivas,PERSONAS FÍSICAS QUE NO DESARROLLAN ACTIVIDAD ECONÓMICA,LOCAL,ES523 - Valencia / València,7000.0,,False,sí,,
1128239,particular,artistico_deportivo,CONCESIÓN SUBVENCIÓN NOMINATIVA EJERCICIO 2026,,"ACTIVIDADES ARTÍSTICAS, DEPORTIVAS Y DE ENTRETENIMIENTO",PERSONAS JURÍDICAS QUE NO DESARROLLAN ACTIVIDAD ECONÓMICA,LOCAL,ES523 - Valencia / València,500.0,2026-12-31,False,sí,,
1128234,particular,artistico_deportivo,"Bases reguladoras y convocatoria a los premios al mérito deportivo de Guardamar del Segura, anualidad 2025.",,Actividades deportivas,PERSONAS FÍSICAS QUE NO DESARROLLAN ACTIVIDAD ECONÓMICA,LOCAL,ES521 - Alicante / Alacant,4000.0,2026-09-21,False,sí,,
1128190,particular,artistico_deportivo,CONCESIÓN SUBVENCIÓN NOMINATIVA EJERCICIO 2026,,"ACTIVIDADES ARTÍSTICAS, DEPORTIVAS Y DE ENTRETENIMIENTO",PERSONAS JURÍDICAS QUE NO DESARROLLAN ACTIVIDAD ECONÓMICA,LOCAL,ES523 - Valencia / València,500.0,2026-12-31,False,sí,,
1128182,particular,artistico_deportivo,CONVENIO DE COLABORACIÓN CON EL CLUB GIMNASTICA ALCOI EL PASTORET PARA LA REALIZACIÓN DE ACTIVIDADES DEPORTIVAS DURANTE LA TEMPORADA 2025/2026 Y ALQUILER DE LOCAL PARA LA PRÁCTICA DEPORTIVA DURANTE 2026,,Actividades deportivas,PERSONAS JURÍDICAS QUE NO DESARROLLAN ACTIVIDAD ECONÓMICA,LOCAL,ES521 - Alicante / Alacant,12750.0,2026-12-15,False,sí,,
1128181,particular,artistico_deportivo,CONVENIO DE COLABORACIÓN CON EL CLUB BÀSQUET JOVENTUT D`ALCOI PARA LA REALIZACIÓN DE ACTIVIDADES Y PARTICIPACIÓN EN COMPETICIONES DEPORTIVAS DURANTE LA TEMPORADA 2025/2026,,Actividades deportivas,PERSONAS JURÍDICAS QUE NO DESARROLLAN ACTIVIDAD ECONÓMICA,LOCAL,ES521 - Alicante / Alacant,1600.0,2026-09-30,False,sí,,
1128180,particular,artistico_deportivo,CONVENIO DE COLABORACIÓN CON CLUB PATINAJE ARTÍSTICO SANTA ROSA DE ALCOY PARA LA REALIZACIÓN DE ACTIVIDADES DEPORTIVAS DURANTE LA TEMPORADA 2025/2026,,Actividades deportivas,PERSONAS JURÍDICAS QUE NO DESARROLLAN ACTIVIDAD ECONÓMICA,LOCAL,ES521 - Alicante / Alacant,3510.5,2026-09-30,False,sí,,
1128179,particular,artistico_deportivo,CONVENIO DE COLABORACIÓN CON EL SPORTING HOQUEI ALCOI PARA LA REALIZACIÓN DE ACTIVIDADES Y PARTICIPACIÓN EN COMPETICIONES DEPORTIVAS DURANTE LA TEMPORADA 2025/2026,,Actividades deportivas,PERSONAS JURÍDICAS QUE NO DESARROLLAN ACTIVIDAD ECONÓMICA,LOCAL,ES521 - Alicante / Alacant,21740.0,2026-09-30,False,sí,,
1128178,particular,artistico_deportivo,CONVENIO DE COLABORACIÓN ENTRE AYUNTAMIENTO DE ALCOY Y CLUB PATINAJE ARTÍSTICO ALCOY PARA LA REALIZACIÓN DE ACTIVIDADES Y PARTICIPACIÓN EN COMPETICIONES DEPORTIVAS TEMPORADA 2025/2026,,Actividades deportivas,PERSONAS JURÍDICAS QUE NO DESARROLLAN ACTIVIDAD ECONÓMICA,LOCAL,ES521 - Alicante / Alacant,5100.26,2026-09-30,False,sí,,
1128177,particular,artistico_deportivo,CONVENIO CON EL NOUBROT BÀSQUET ALCOI PARA LA REALIZACIÓN DE ACTIVIDADES Y PARTICIPACIÓN EN COMPETICIONES DEPORTIVAS TEMPORADA 2025/2026,,Actividades deportivas,PERSONAS JURÍDICAS QUE NO DESARROLLAN ACTIVIDAD ECONÓMICA,LOCAL,ES521 - Alicante / Alacant,41000.0,2026-09-30,False,sí,,
1128176,particular,artistico_deportivo,CONVENIO DE COLABORACIÓN ENTRE AYUNTAMIENTO DE ALCOY Y CLUB CICLISTA GUSANO PARA LA PARTICIPACIÓN EN COMPETICIONES DEPORTIVAS DURANTE LA ANUALIDAD 2026,,Actividades deportivas,PERSONAS JURÍDICAS QUE NO DESARROLLAN ACTIVIDAD ECONÓMICA,LOCAL,ES521 - Alicante / Alacant,9129.31,2026-11-30,False,sí,,
1128175,particular,artistico_deportivo,CONVENIO DE COLABORACIÓN CON EL JUDO CLUB ALCOI PARA LA REALIZACIÓN DE ACTIVIDADES DEPORTIVAS DURANTE LA TEMPORADA 2025/2026,,Actividades deportivas,PERSONAS JURÍDICAS QUE NO DESARROLLAN ACTIVIDAD ECONÓMICA,LOCAL,ES521 - Alicante / Alacant,10200.0,2026-09-30,False,sí,,
1128174,particular,artistico_deportivo,CONVENIO CON EL CLUB ATLÉTICO SALESIANO - VOLEY PARA LA REALIZACIÓN DE ACTIVIDADES Y PARTICIPACIÓN EN COMPETICIONES DEPORTIVAS DURANTE LA TEMPORADA 2025/2026,,Actividades deportivas,PERSONAS JURÍDICAS QUE NO DESARROLLAN ACTIVIDAD ECONÓMICA,LOCAL,ES521 - Alicante / Alacant,1500.0,2026-09-30,False,sí,,
1128173,particular,artistico_deportivo,CONVENIO DE COLABORACIÓN CON EL CLUB GIMNASTICA RITMICA ALCOI PARA LA REALIZACIÓN DE ACTIVIDADES Y PARTICIPACIÓN EN COMPETICIONES DEPORTIVAS DURANTE LA TEMPORADA 2025/2026,,Actividades deportivas,PERSONAS JURÍDICAS QUE NO DESARROLLAN ACTIVIDAD ECONÓMICA,LOCAL,ES521 - Alicante / Alacant,5100.26,2026-09-30,False,sí,,
1128172,particular,artistico_deportivo,CONVENIO DE COLABORACIÓN CON EL PATÍN ALCODIAM SALESIANO PARA LA REALIZACIÓN DE ACTIVIDADES Y PARTICIPACIÓN EN COMPETICIONES DEPORTIVAS DURANTE LA TEMPORADA 2025/2026,,Actividades deportivas,PERSONAS JURÍDICAS QUE NO DESARROLLAN ACTIVIDAD ECONÓMICA,LOCAL,ES521 - Alicante / Alacant,120000.0,2026-09-30,False,sí,,
1128148,particular,artistico_deportivo,"CONVOCATORIA PARA LA CONCESIÓN DE LOS PREMIOS DE DEPORTES, ENGLOBADOS DENTRO DE LA GALA DEL DEPORTE Y LA CULTURA DE CALP, ANUALIDAD 2026.",https://calp.sedelectronica.es/info.0,"ACTIVIDADES ARTÍSTICAS, DEPORTIVAS Y DE ENTRETENIMIENTO",PERSONAS FÍSICAS QUE NO DESARROLLAN ACTIVIDAD ECONÓMICA,LOCAL,ES521 - Alicante / Alacant,6300.0,2026-09-15,False,sí,,
1128091,particular,artistico_deportivo,Convenio de Colaboración Asociación de Aires Rocieros de Catral,www.catral.es,"ACTIVIDADES ARTÍSTICAS, DEPORTIVAS Y DE ENTRETENIMIENTO",PERSONAS JURÍDICAS QUE NO DESARROLLAN ACTIVIDAD ECONÓMICA,LOCAL,ES521 - Alicante / Alacant,2000.0,,True,sí,,
1128090,particular,artistico_deportivo,Convenio de Colaboración Asociación Barrio de los Dolores de Catral,www.catral.es,"ACTIVIDADES ARTÍSTICAS, DEPORTIVAS Y DE ENTRETENIMIENTO",PERSONAS JURÍDICAS QUE NO DESARROLLAN ACTIVIDAD ECONÓMICA,LOCAL,ES521 - Alicante / Alacant,3000.0,,True,sí,,
1128063,particular,artistico_deportivo,"Convenio de colaboración con la Asociación Santa Marta, 2026",,"ACTIVIDADES ARTÍSTICAS, DEPORTIVAS Y DE ENTRETENIMIENTO",PERSONAS JURÍDICAS QUE NO DESARROLLAN ACTIVIDAD ECONÓMICA,LOCAL,ES521 - Alicante / Alacant,95000.0,2026-01-01,False,sí,,
1128021,particular,artistico_deportivo,Convenio de colaboración entre el Ayuntamiento de Altea y el Club Gimnasia Rítmica de Altea para promover y apoyar la actividad de la gimnasia rítmica de dicha asociación.,,"ACTIVIDADES ARTÍSTICAS, DEPORTIVAS Y DE ENTRETENIMIENTO",PERSONAS JURÍDICAS QUE NO DESARROLLAN ACTIVIDAD ECONÓMICA,LOCAL,ES521 - Alicante / Alacant,8000.0,2026-09-30,False,sí,,
1127903,particular,artistico_deportivo,Bases de Convocatoria de Proyectos IX edición de la Nit de l'Art 2026,,"ACTIVIDADES ARTÍSTICAS, DEPORTIVAS Y DE ENTRETENIMIENTO",PYME Y PERSONAS FÍSICAS QUE DESARROLLAN ACTIVIDAD ECONÓMICA,LOCAL,ES521 - Alicante / Alacant,3500.0,2026-03-31,False,no,,
1127840,particular,artistico_deportivo,Convenio de colaboración con la Asociación Cultural Razia,,"ACTIVIDADES ARTÍSTICAS, DEPORTIVAS Y DE ENTRETENIMIENTO",PERSONAS JURÍDICAS QUE NO DESARROLLAN ACTIVIDAD ECONÓMICA,LOCAL,ES521 - Alicante / Alacant,18000.0,2026-01-01,False,sí,,
1127820,particular,artistico_deportivo,Subvenciones concurrencia competitiva entidades festivas 2026,www.ayto-denia.es,Otras actividades recreativas y de entretenimiento,PERSONAS JURÍDICAS QUE NO DESARROLLAN ACTIVIDAD ECONÓMICA,LOCAL,ES521 - Alicante / Alacant,35000.0,2026-10-05,False,sí,,
1127811,particular,artistico_deportivo,CONCESIÓN SUBVENCIÓN NOMINATIVA EJERCICIO 2026,,"ACTIVIDADES ARTÍSTICAS, DEPORTIVAS Y DE ENTRETENIMIENTO",PERSONAS JURÍDICAS QUE NO DESARROLLAN ACTIVIDAD ECONÓMICA,LOCAL,ES523 - Valencia / València,500.0,2026-12-31,False,sí,,
1127789,particular,artistico_deportivo,"CONVENIO DE COLABORACIÓN ENTRE EL AYUNTAMIENTO DE ALCOY Y LA ASOCIACIÓN BELENISTA SANTA ROSA DE ALCOY PARA LA REALIZACIÓN DE ACTIVIDADES RELACIONADAS CON LAS FIESTAS, Y CONCRETAMENTE LA TRADICIÓN DE LA INSTALACIÓN DE BELENES DURANTE 2026",,Actividades de creación artística y artes escénicas,PERSONAS JURÍDICAS QUE NO DESARROLLAN ACTIVIDAD ECONÓMICA,LOCAL,ES521 - Alicante / Alacant,6800.0,2026-11-25,False,sí,,
1127699,particular,artistico_deportivo,SUBVENCIÓN NOMINATIVA LA RONDALLA DE CALP 2026,https://calp.sedelectronica.es/info.0,"ACTIVIDADES ARTÍSTICAS, DEPORTIVAS Y DE ENTRETENIMIENTO",PERSONAS JURÍDICAS QUE NO DESARROLLAN ACTIVIDAD ECONÓMICA,LOCAL,ES521 - Alicante / Alacant,6000.0,2026-10-15,False,sí,,
1127688,particular,artistico_deportivo,BASES REGULADORAS Y CONVOCATORIA PARA LA CAMPAÑA BONO CONSUMO SAN FULGENCIO 2026,https://sanfulgencio.sedelectronica.es,"ACTIVIDADES ARTÍSTICAS, DEPORTIVAS Y DE ENTRETENIMIENTO | ACTIVIDADES PROFESIONALES, CIENTÍFICAS Y TÉCNICAS | ACTIVIDADES SANITARIAS Y DE SERVICIOS SOCIALES | AGRICULTURA, GANADERÍA, SILVICULTURA Y PESCA | COMERCIO AL POR MAYOR Y AL POR MENOR | HOSTELERÍA | OTROS SERVICIOS | TELECOMUNICACIONES, PROGRAMACIÓN INFORMÁTICA, CONSULTORÍA, INFRAESTRUCTURA INFORMÁTICA Y OTROS SERVICIOS DE INFORMACIÓN",PERSONAS FÍSICAS QUE NO DESARROLLAN ACTIVIDAD ECONÓMICA | PYME Y PERSONAS FÍSICAS QUE DESARROLLAN ACTIVIDAD ECONÓMICA,LOCAL,ES521 - Alicante / Alacant,180783.0,2026-11-05,False,sí,,
1127670,particular,artistico_deportivo,CONCESIÓN SUBVENCIÓN NOMINATIVA EJERCICIO 2026,,"ACTIVIDADES ARTÍSTICAS, DEPORTIVAS Y DE ENTRETENIMIENTO",PERSONAS JURÍDICAS QUE NO DESARROLLAN ACTIVIDAD ECONÓMICA,LOCAL,ES523 - Valencia / València,500.0,2026-12-31,False,sí,,
1127581,particular,artistico_deportivo,CONCESIÓN SUBVENCIÓN NOMINATIVA EJERCICIO 2026,,"ACTIVIDADES ARTÍSTICAS, DEPORTIVAS Y DE ENTRETENIMIENTO",PERSONAS JURÍDICAS QUE NO DESARROLLAN ACTIVIDAD ECONÓMICA,LOCAL,ES523 - Valencia / València,500.0,2026-12-31,False,sí,,
1127571,particular,artistico_deportivo,CONSESIÓN SUBVENCIÓN NOMINATIVA EJERCICIO 2026,,"ACTIVIDADES ARTÍSTICAS, DEPORTIVAS Y DE ENTRETENIMIENTO",PERSONAS JURÍDICAS QUE NO DESARROLLAN ACTIVIDAD ECONÓMICA,LOCAL,ES523 - Valencia / València,500.0,2026-12-31,False,sí,,
1127474,particular,artistico_deportivo,CONCESIÓN SUBVENCIÓN NOMINATIVA EJERCICIO 2026,,"ACTIVIDADES ARTÍSTICAS, DEPORTIVAS Y DE ENTRETENIMIENTO",PERSONAS JURÍDICAS QUE NO DESARROLLAN ACTIVIDAD ECONÓMICA,LOCAL,ES523 - Valencia / València,500.0,2026-12-31,False,sí,,
1127421,particular,artistico_deportivo,CONCESIÓN SUBVENCION NOMINATIVA EJERCICIO 2026,,"ACTIVIDADES ARTÍSTICAS, DEPORTIVAS Y DE ENTRETENIMIENTO",PERSONAS JURÍDICAS QUE NO DESARROLLAN ACTIVIDAD ECONÓMICA,LOCAL,ES523 - Valencia / València,500.0,2026-12-31,False,sí,,
1127419,particular,artistico_deportivo,SUBVENCIÓN POR CONCURRENCIA COMPETITIVA CONCURSO BENICÀSSIM BELLE ÉPOQUE 2026 - FOTOGRAFÍA.,,Actividades de creación artística y artes escénicas,PERSONAS FÍSICAS QUE NO DESARROLLAN ACTIVIDAD ECONÓMICA,LOCAL,ES522 - Castellón / Castelló,600.0,2026-09-13,False,sí,,
1127413,particular,artistico_deportivo,SUBVENCIÓN POR CONCURRENCIA COMPETITIVA CONCURSO BENICÀSSIM BELLE ÉPOQUE 2026 - INDUMENTARIA.,,Actividades de creación artística y artes escénicas,PERSONAS FÍSICAS QUE NO DESARROLLAN ACTIVIDAD ECONÓMICA,LOCAL,ES522 - Castellón / Castelló,700.0,2026-09-06,False,sí,,
1127391,particular,artistico_deportivo,SUBVENCIÓN POR CONCURRENCIA COMPETITIVA CONCURSO BENICÀSSIM BELLE ÉPOQUE 2026 - PINTURA RÁPIDA.,,Actividades de creación artística y artes escénicas,PERSONAS FÍSICAS QUE NO DESARROLLAN ACTIVIDAD ECONÓMICA,LOCAL,ES522 - Castellón / Castelló,700.0,2026-09-03,False,sí,,
1127058,particular,artistico_deportivo,CONVENIO DE COLABORACIÓN ENTRE EL EXCMO. AYUNTAMIENTO DE ALCOY Y LA ASOCIACIÓN DE SAN JORGE DE ALCOY PARA LA REALIZACIÓN DE ACTIVIDADES RELACIONADAS CON 750 ANIVERSARIO PATRONAZGO SAN JORGE,,Actividades de creación artística y artes escénicas,PERSONAS JURÍDICAS QUE NO DESARROLLAN ACTIVIDAD ECONÓMICA,LOCAL,ES521 - Alicante / Alacant,100000.0,2026-11-30,False,sí,,
1127057,particular,artistico_deportivo,CONVENIO DE COLABORACIÓN ENTRE EL EXCMO. AYUNTAMIENTO DE ALCOY Y LA ASOCIACIÓN DE SAN JORGE DE ALCOY PARA LA REALIZACIÓN DE ACTIVIDADES RELACIONADAS CON LAS FIESTAS PATRONALES DE MOROS Y CRISTIANOS,,Actividades de creación artística y artes escénicas,PERSONAS JURÍDICAS QUE NO DESARROLLAN ACTIVIDAD ECONÓMICA,LOCAL,ES521 - Alicante / Alacant,200000.0,2026-11-30,False,sí,,
1127018,particular,artistico_deportivo,"Solicitud de subvención nominativa a Club Patinaje y Hockey Línea Roller, año 2026.",https://seu.lapobladevallbona.es/sta/CarpetaPublic/doEvent?APP_CODE=STA&PAGE_CODE=PTS2_HOME&lang=CA,"Actividades deportivas, recreativas y de entretenimiento",PERSONAS JURÍDICAS QUE NO DESARROLLAN ACTIVIDAD ECONÓMICA,LOCAL,ES523 - Valencia / València,406.38,2026-05-31,False,sí,,
1127017,particular,artistico_deportivo,"Solicitud de subvención nominativa al Club de karate la Pobla de Vallbona, año 2026",https://seu.lapobladevallbona.es/sta/CarpetaPublic/doEvent?APP_CODE=STA&PAGE_CODE=PTS2_HOME&lang=CA,Actividades deportivas,PERSONAS JURÍDICAS QUE NO DESARROLLAN ACTIVIDAD ECONÓMICA,LOCAL,ES523 - Valencia / València,406.38,2026-05-31,False,sí,,
1127014,particular,artistico_deportivo,Solicitud  de  la subvención nominativa AT. Vallbonense correspondiente al ejercicio 2026,https://seu.lapobladevallbona.es/sta/CarpetaPublic/doEvent?APP_CODE=STA&PAGE_CODE=PTS2_HOME&lang=CA,"Actividades deportivas, recreativas y de entretenimiento",PERSONAS JURÍDICAS QUE NO DESARROLLAN ACTIVIDAD ECONÓMICA,LOCAL,ES523 - Valencia / València,23531.38,2026-05-31,False,sí,,
1127013,particular,artistico_deportivo,"Solicitud de subvención nominativa al Club Deportivo More and Tennis, año 2026.",https://seu.lapobladevallbona.es/sta/CarpetaPublic/doEvent?APP_CODE=STA&PAGE_CODE=PTS2_HOME&lang=CA,"Actividades deportivas, recreativas y de entretenimiento",PERSONAS JURÍDICAS QUE NO DESARROLLAN ACTIVIDAD ECONÓMICA,LOCAL,ES523 - Valencia / València,406.38,2026-05-31,False,sí,,
1127011,particular,artistico_deportivo,"Solicitud de subvención nominativa del Club de Gimnasia Rítmica Casablanca, año 2026.",https://seu.lapobladevallbona.es/sta/CarpetaPublic/doEvent?APP_CODE=STA&PAGE_CODE=PTS2_HOME&lang=CA,"Actividades deportivas, recreativas y de entretenimiento",PERSONAS JURÍDICAS QUE NO DESARROLLAN ACTIVIDAD ECONÓMICA,LOCAL,ES523 - Valencia / València,804.48,2026-05-31,False,sí,,
1126982,particular,artistico_deportivo,"Solicitud de concesión de subvención nominativa a Club de Tir i Arrastre ""La Ferraura"", año 2026.",https://seu.lapobladevallbona.es/sta/CarpetaPublic/doEvent?APP_CODE=STA&PAGE_CODE=PTS2_HOME&lang=CA,"Actividades deportivas, recreativas y de entretenimiento",PERSONAS JURÍDICAS QUE NO DESARROLLAN ACTIVIDAD ECONÓMICA,LOCAL,ES523 - Valencia / València,609.57,2026-05-31,False,sí,,
1126980,particular,artistico_deportivo,"SOLICITUD DE LA SUBVENCIÓN NOMINATIVA AL CLUB DE BÁSQUET LA POBLA, AÑO 2026.",https://seu.lapobladevallbona.es/sta/CarpetaPublic/doEvent?APP_CODE=STA&PAGE_CODE=PTS2_HOME&lang=CA,Actividades deportivas,PERSONAS JURÍDICAS QUE NO DESARROLLAN ACTIVIDAD ECONÓMICA,LOCAL,ES523 - Valencia / València,8008.06,2026-05-31,False,sí,,
1126976,particular,artistico_deportivo,SOLICITUD SUBVENCIO NOMINATIVA A CLUB DE COLOMBICULTURA LA CONSTANCIA AÑO 2026.,https://seu.lapobladevallbona.es/sta/CarpetaPublic/doEvent?APP_CODE=STA&PAGE_CODE=PTS2_HOME&lang=CA,"Actividades deportivas, recreativas y de entretenimiento",PERSONAS JURÍDICAS QUE NO DESARROLLAN ACTIVIDAD ECONÓMICA,LOCAL,ES523 - Valencia / València,1578.63,2026-05-31,False,sí,,
1126975,particular,artistico_deportivo,Concesión de subvención económica nominativa al Club Atletismo Xàtiva para la organización de la 40ª Subida al Castillo de Xàtiva el día 15 de noviembre de 2026.,https://xativa.sedelectronica.es/,"ACTIVIDADES ARTÍSTICAS, DEPORTIVAS Y DE ENTRETENIMIENTO",PERSONAS JURÍDICAS QUE NO DESARROLLAN ACTIVIDAD ECONÓMICA,LOCAL,ES523 - Valencia / València,10500.0,,False,sí,,
1126973,particular,artistico_deportivo,"Solicitud de subvención nominativa a la Asociación Grup de Dança Falla de L´Hort, año 2026.",https://seu.lapobladevallbona.es/sta/CarpetaPublic/doEvent?APP_CODE=STA&PAGE_CODE=PTS2_HOME&lang=CA,Actividades de creación artística y artes escénicas,PERSONAS JURÍDICAS QUE NO DESARROLLAN ACTIVIDAD ECONÓMICA,LOCAL,ES523 - Valencia / València,406.38,2026-05-31,False,sí,,
1126958,particular,artistico_deportivo,SUBVENCIÓN NOMINATIVA 2026 CLUB TRIATLON TRIPOWER ALMAZORA,,Actividades deportivas,PERSONAS JURÍDICAS QUE NO DESARROLLAN ACTIVIDAD ECONÓMICA,LOCAL,ES522 - Castellón / Castelló,4612.96,2026-08-18,False,sí,,
1126876,particular,artistico_deportivo,"SÉPTIMA PRÓRROGA PARCIAL DEL CONTRATO DE TRANSPORTE COLECTIVO DE VIAJEROS DE ALCOI, RELATIVA A LOS SERVICIOS DE OPERACIONES DESDE 20 JULIO A 31 DICIEMBRE DE 2026",,"ACTIVIDADES ARTÍSTICAS, DEPORTIVAS Y DE ENTRETENIMIENTO",PYME Y PERSONAS FÍSICAS QUE DESARROLLAN ACTIVIDAD ECONÓMICA,LOCAL,ES521 - Alicante / Alacant,1044997.12,2026-12-31,False,no,,
1126813,particular,artistico_deportivo,SUBV DESTINADAS A ENTIDADES PRIVADAS PARA ACTUACIONES DE PROMOCION DEL COMERCIO LOCAL,,"ACTIVIDADES ARTÍSTICAS, DEPORTIVAS Y DE ENTRETENIMIENTO",PERSONAS JURÍDICAS QUE NO DESARROLLAN ACTIVIDAD ECONÓMICA | PYME Y PERSONAS FÍSICAS QUE DESARROLLAN ACTIVIDAD ECONÓMICA,LOCAL,ES522 - Castellón / Castelló,5000.0,2026-12-30,False,sí,,
1126778,particular,artistico_deportivo,Desfile Multicolor 2026 VIRGEN DEL ROSARIO,,"ACTIVIDADES ARTÍSTICAS, DEPORTIVAS Y DE ENTRETENIMIENTO",PERSONAS FÍSICAS QUE NO DESARROLLAN ACTIVIDAD ECONÓMICA,LOCAL,ES521 - Alicante / Alacant,1417.29,2026-09-30,False,sí,,
1126753,particular,artistico_deportivo,"Convocatòria de subvencions, en règim de concurrència competitiva, als clubs i entitats esportives anualitat 2026.",www.vilademuro.net,"Actividades deportivas, recreativas y de entretenimiento",PERSONAS JURÍDICAS QUE NO DESARROLLAN ACTIVIDAD ECONÓMICA,LOCAL,ES521 - Alicante / Alacant,83800.0,2023-07-15,False,sí,,
1126722,particular,artistico_deportivo,"Solicitud de subvención nominativa a la Asociación Cultural Falla Cervantes, año 2026.",https://seu.lapobladevallbona.es/sta/CarpetaPublic/doEvent?APP_CODE=STA&PAGE_CODE=PTS2_HOME&lang=CA,Actividades de creación artística y artes escénicas,PERSONAS JURÍDICAS QUE NO DESARROLLAN ACTIVIDAD ECONÓMICA,LOCAL,ES523 - Valencia / València,1602.53,2026-05-31,False,sí,,
1126721,particular,artistico_deportivo,"Solicitud de subvención nominativa a la Asociación Cultural Falla Josep Antoni, año 2026.",https://seu.lapobladevallbona.es/sta/CarpetaPublic/doEvent?APP_CODE=STA&PAGE_CODE=PTS2_HOME&lang=CA,Actividades de creación artística y artes escénicas,PERSONAS JURÍDICAS QUE NO DESARROLLAN ACTIVIDAD ECONÓMICA,LOCAL,ES523 - Valencia / València,1801.12,2026-05-31,False,sí,,
1126720,particular,artistico_deportivo,"Solicitud subvención nominativa  a la Asociación Cultural Falla Trinquet, año 2026.",https://seu.lapobladevallbona.es/sta/CarpetaPublic/doEvent?APP_CODE=STA&PAGE_CODE=PTS2_HOME&lang=CA,Actividades de creación artística y artes escénicas,PERSONAS JURÍDICAS QUE NO DESARROLLAN ACTIVIDAD ECONÓMICA,LOCAL,ES523 - Valencia / València,1804.8,2026-05-31,False,sí,,
1126719,particular,artistico_deportivo,"Solicitud de subvención nominativa a la Asociación Cultural Falla Plaça Mercat, año 2026.",https://seu.lapobladevallbona.es/sta/CarpetaPublic/doEvent?APP_CODE=STA&PAGE_CODE=PTS2_HOME&lang=CA,Actividades de creación artística y artes escénicas,PERSONAS JURÍDICAS QUE NO DESARROLLAN ACTIVIDAD ECONÓMICA,LOCAL,ES523 - Valencia / València,1608.05,2026-05-31,False,sí,,
1126718,particular,artistico_deportivo,"Solicitud subvención nominativa a la Asociación Cultural Falla Mas de Tous, año 2026.",https://seu.lapobladevallbona.es/sta/CarpetaPublic/doEvent?APP_CODE=STA&PAGE_CODE=PTS2_HOME&lang=CA,Actividades de creación artística y artes escénicas,PERSONAS JURÍDICAS QUE NO DESARROLLAN ACTIVIDAD ECONÓMICA,LOCAL,ES523 - Valencia / València,1549.21,2026-05-31,False,sí,,
1126717,particular,artistico_deportivo,"Solicitud de concesión de subvención nominativa a la Asociación Cultural Falla Plaça de L´Hort, año 2026.",https://seu.lapobladevallbona.es/sta/CarpetaPublic/doEvent?APP_CODE=STA&PAGE_CODE=PTS2_HOME&lang=CA,Actividades de creación artística y artes escénicas,PERSONAS JURÍDICAS QUE NO DESARROLLAN ACTIVIDAD ECONÓMICA,LOCAL,ES523 - Valencia / València,1860.89,2026-05-31,False,sí,,
1126716,particular,artistico_deportivo,"SOLICITUD DE CONCESIÓN DE SUBVENCIÓN NOMINATIVA A LA ASOCIACIÓN CULTURAL FALLA PLAÇA SANT JAUME, AÑO 2026.",https://seu.lapobladevallbona.es/sta/CarpetaPublic/doEvent?APP_CODE=STA&PAGE_CODE=PTS2_HOME&lang=CA,Actividades de creación artística y artes escénicas,PERSONAS JURÍDICAS QUE NO DESARROLLAN ACTIVIDAD ECONÓMICA,LOCAL,ES523 - Valencia / València,1754.23,2026-05-31,False,sí,,
1126695,particular,artistico_deportivo,SUBVENCIÓN NOMINATIVA 2026 CLUB PILOTARI ALMASSORA,,Actividades deportivas,PERSONAS JURÍDICAS QUE NO DESARROLLAN ACTIVIDAD ECONÓMICA,LOCAL,ES522 - Castellón / Castelló,6786.0,2026-08-14,False,sí,,
1126693,particular,artistico_deportivo,SUBVENCIÓN NOMINATIVA 2026 CLUB DE PIRAGÜISME ALMASSORA,,Actividades deportivas,PERSONAS JURÍDICAS QUE NO DESARROLLAN ACTIVIDAD ECONÓMICA,LOCAL,ES522 - Castellón / Castelló,533.5,2026-08-14,False,sí,,
1126691,particular,artistico_deportivo,SUBVENCIÓN NOMINATIVA 2026 CLUB PATINATGE PIRUETES,,Actividades deportivas,PERSONAS JURÍDICAS QUE NO DESARROLLAN ACTIVIDAD ECONÓMICA,LOCAL,ES522 - Castellón / Castelló,7470.56,2026-08-14,False,sí,,
1126688,particular,artistico_deportivo,SUBVENCIÓN NOMINATIVA 2026 ASOCIACIÓN SANTA QUITERIA CLUB PATIN,,Actividades deportivas,PERSONAS JURÍDICAS QUE NO DESARROLLAN ACTIVIDAD ECONÓMICA,LOCAL,ES522 - Castellón / Castelló,6623.72,2026-08-14,False,sí,,
1126677,particular,artistico_deportivo,Subvención nominativa al Club de Pesca Bahia de Guardamar. Anualidad 2026.,,Actividades deportivas,PERSONAS JURÍDICAS QUE NO DESARROLLAN ACTIVIDAD ECONÓMICA,LOCAL,ES521 - Alicante / Alacant,4800.0,2026-12-31,False,sí,,
1126676,particular,artistico_deportivo,"Solicitud de subvención nominativa a la Penya Valencianista Balaguer, año 2026.",https://seu.lapobladevallbona.es/sta/CarpetaPublic/doEvent?APP_CODE=STA&PAGE_CODE=PTS2_HOME&lang=CA,Actividades deportivas,PERSONAS JURÍDICAS QUE NO DESARROLLAN ACTIVIDAD ECONÓMICA,LOCAL,ES523 - Valencia / València,406.38,2026-05-31,False,sí,,
1126662,particular,artistico_deportivo,"Solicitud subvención nominativa Club d'ocells de cant El Canutet, año 2026",https://seu.lapobladevallbona.es/sta/CarpetaPublic/doEvent?APP_CODE=STA&PAGE_CODE=PTS2_HOME&lang=CA,"Actividades deportivas, recreativas y de entretenimiento",PERSONAS JURÍDICAS QUE NO DESARROLLAN ACTIVIDAD ECONÓMICA,LOCAL,ES523 - Valencia / València,609.57,2026-05-31,False,sí,,
